store_name,niche,region,store_url,contact_route,contact_email,contact_status,opted_in,delivery_status,subject,body
"glamscure official store &ndash; glamscure store","Cleaning tools","CA","https://glamscure.myshopify.com/","https://glamscure.myshopify.com/policies/contact-information","glamscure.total@gmail.com","review","false","skipped","Quick question about glamscure official store &ndash; glamscure store’s scaling","Hey glamscure official store &ndash; glamscure store team,

I was just analyzing top-performing e-commerce brands in the Cleaning tools space and came across your store. Great branding and product lineup!

Quick question: Are you currently using AI UGC video ads to test new products and scale globally without the headache of shooting content?

Most Cleaning tools stores are leaving money on the table because traditional content creation is too slow and expensive. With AI UGC, you can generate endless high-converting, viral video ads in seconds—in any language and with any persona.

I put together a quick breakdown of how top brands are using this right now:

👉 Check it out here: https://ugc-gen-ai.carrd.co

Keep crushing it,  
Growth Team"
"Glass Christmas","Home decor & lighting","US","https://glass-christmas.myshopify.com/","","","not_contacted","false","skipped","Quick question about Glass Christmas’s scaling","Hey Glass Christmas team,

I was just analyzing top-performing e-commerce brands in the Home decor & lighting space and came across your store. Great branding and product lineup!

Quick question: Are you currently using AI UGC video ads to test new products and scale globally without the headache of shooting content?

Most Home decor & lighting stores are leaving money on the table because traditional content creation is too slow and expensive. With AI UGC, you can generate endless high-converting, viral video ads in seconds—in any language and with any persona.

I put together a quick breakdown of how top brands are using this right now:

👉 Check it out here: https://ugc-gen-ai.carrd.co

Keep crushing it,  
Growth Team"
"The Glitter Workshop","Pet supplies","US","https://glitterworkshop.myshopify.com/","mailto:naomi@glitterworkshop.com","naomi@glitterworkshop.com","queued","false","skipped","Quick question about The Glitter Workshop’s scaling","Hey The Glitter Workshop team,

I was just analyzing top-performing e-commerce brands in the Pet supplies space and came across your store. Great branding and product lineup!

Quick question: Are you currently using AI UGC video ads to test new products and scale globally without the headache of shooting content?

Most Pet supplies stores are leaving money on the table because traditional content creation is too slow and expensive. With AI UGC, you can generate endless high-converting, viral video ads in seconds—in any language and with any persona.

I put together a quick breakdown of how top brands are using this right now:

👉 Check it out here: https://ugc-gen-ai.carrd.co

Keep crushing it,  
Growth Team"
"Glo-Bar Premier Coffees Shop &ndash; GLO-BAR-Premier Coffees","Home decor & lighting","US","https://glo-bar-premier-coffees.myshopify.com/","https://glo-bar-premier-coffees.myshopify.com/pages/contact-us?_pos=1&_sid=38e13bc80&_ss=r","","review","false","skipped","Quick question about Glo-Bar Premier Coffees Shop &ndash; GLO-BAR-Premier Coffees’s scaling","Hey Glo-Bar Premier Coffees Shop &ndash; GLO-BAR-Premier Coffees team,

I was just analyzing top-performing e-commerce brands in the Home decor & lighting space and came across your store. Great branding and product lineup!

Quick question: Are you currently using AI UGC video ads to test new products and scale globally without the headache of shooting content?

Most Home decor & lighting stores are leaving money on the table because traditional content creation is too slow and expensive. With AI UGC, you can generate endless high-converting, viral video ads in seconds—in any language and with any persona.

I put together a quick breakdown of how top brands are using this right now:

👉 Check it out here: https://ugc-gen-ai.carrd.co

Keep crushing it,  
Growth Team"
"Miles Retail – Premium Playing Cards & Magic Tricks in India","Home decor & lighting","CA","https://globemappers.myshopify.com/","https://globemappers.myshopify.com/pages/about-us","miles.retail@gmail.com","review","false","skipped","Quick question about Miles Retail – Premium Playing Cards & Magic Tricks in India’s scaling","Hey Miles Retail – Premium Playing Cards & Magic Tricks in India team,

I was just analyzing top-performing e-commerce brands in the Home decor & lighting space and came across your store. Great branding and product lineup!

Quick question: Are you currently using AI UGC video ads to test new products and scale globally without the headache of shooting content?

Most Home decor & lighting stores are leaving money on the table because traditional content creation is too slow and expensive. With AI UGC, you can generate endless high-converting, viral video ads in seconds—in any language and with any persona.

I put together a quick breakdown of how top brands are using this right now:

👉 Check it out here: https://ugc-gen-ai.carrd.co

Keep crushing it,  
Growth Team"
"Glorious Gifts Alpaca Shoppe","Home decor & lighting","CA","https://glorious-gifts-alpaca-shop.myshopify.com/","https://glorious-gifts-alpaca-shop.myshopify.com/pages/contact","","review","false","skipped","Quick question about Glorious Gifts Alpaca Shoppe’s scaling","Hey Glorious Gifts Alpaca Shoppe team,

I was just analyzing top-performing e-commerce brands in the Home decor & lighting space and came across your store. Great branding and product lineup!

Quick question: Are you currently using AI UGC video ads to test new products and scale globally without the headache of shooting content?

Most Home decor & lighting stores are leaving money on the table because traditional content creation is too slow and expensive. With AI UGC, you can generate endless high-converting, viral video ads in seconds—in any language and with any persona.

I put together a quick breakdown of how top brands are using this right now:

👉 Check it out here: https://ugc-gen-ai.carrd.co

Keep crushing it,  
Growth Team"
"Glyn Macey Studio","Home decor & lighting","US","https://glyn-macey-studio.myshopify.com/","https://glyn-macey-studio.myshopify.com/pages/get-in-touch","glynmacey@googlemail.com","review","false","skipped","Quick question about Glyn Macey Studio’s scaling","Hey Glyn Macey Studio team,

I was just analyzing top-performing e-commerce brands in the Home decor & lighting space and came across your store. Great branding and product lineup!

Quick question: Are you currently using AI UGC video ads to test new products and scale globally without the headache of shooting content?

Most Home decor & lighting stores are leaving money on the table because traditional content creation is too slow and expensive. With AI UGC, you can generate endless high-converting, viral video ads in seconds—in any language and with any persona.

I put together a quick breakdown of how top brands are using this right now:

👉 Check it out here: https://ugc-gen-ai.carrd.co

Keep crushing it,  
Growth Team"
"Fazit - This sale has ended","Makeup & cosmetics","US","https://gma-fazit.myshopify.com/","mailto:hello@fazitbeauty.com","hello@fazitbeauty.com","queued","false","skipped","Quick question about Fazit - This sale has ended’s scaling","Hey Fazit - This sale has ended team,

I was just analyzing top-performing e-commerce brands in the Makeup & cosmetics space and came across your store. Great branding and product lineup!

Quick question: Are you currently using AI UGC video ads to test new products and scale globally without the headache of shooting content?

Most Makeup & cosmetics stores are leaving money on the table because traditional content creation is too slow and expensive. With AI UGC, you can generate endless high-converting, viral video ads in seconds—in any language and with any persona.

I put together a quick breakdown of how top brands are using this right now:

👉 Check it out here: https://ugc-gen-ai.carrd.co

Keep crushing it,  
Growth Team"
"No7 Beauty Company - This sale has ended","Makeup & cosmetics","US","https://gma-no7.myshopify.com/","mailto:customer.service@bootsretailusa.com","customer.service@bootsretailusa.com","queued","false","skipped","Quick question about No7 Beauty Company - This sale has ended’s scaling","Hey No7 Beauty Company - This sale has ended team,

I was just analyzing top-performing e-commerce brands in the Makeup & cosmetics space and came across your store. Great branding and product lineup!

Quick question: Are you currently using AI UGC video ads to test new products and scale globally without the headache of shooting content?

Most Makeup & cosmetics stores are leaving money on the table because traditional content creation is too slow and expensive. With AI UGC, you can generate endless high-converting, viral video ads in seconds—in any language and with any persona.

I put together a quick breakdown of how top brands are using this right now:

👉 Check it out here: https://ugc-gen-ai.carrd.co

Keep crushing it,  
Growth Team"
"Gnat and Bee Shop Home Page","Home decor & lighting","CA","https://gnat-and-bee.myshopify.com/","https://gnat-and-bee.myshopify.com/pages/contact-us","hello@gnatandbee.com","review","false","skipped","Quick question about Gnat and Bee Shop Home Page’s scaling","Hey Gnat and Bee Shop Home Page team,

I was just analyzing top-performing e-commerce brands in the Home decor & lighting space and came across your store. Great branding and product lineup!

Quick question: Are you currently using AI UGC video ads to test new products and scale globally without the headache of shooting content?

Most Home decor & lighting stores are leaving money on the table because traditional content creation is too slow and expensive. With AI UGC, you can generate endless high-converting, viral video ads in seconds—in any language and with any persona.

I put together a quick breakdown of how top brands are using this right now:

👉 Check it out here: https://ugc-gen-ai.carrd.co

Keep crushing it,  
Growth Team"
"go-crazy-superstar","Home decor & lighting","CA","https://go-crazy-superstar.myshopify.com/","mailto:mircea@typefolly.com","mircea@typefolly.com","queued","false","skipped","Quick question about go-crazy-superstar’s scaling","Hey go-crazy-superstar team,

I was just analyzing top-performing e-commerce brands in the Home decor & lighting space and came across your store. Great branding and product lineup!

Quick question: Are you currently using AI UGC video ads to test new products and scale globally without the headache of shooting content?

Most Home decor & lighting stores are leaving money on the table because traditional content creation is too slow and expensive. With AI UGC, you can generate endless high-converting, viral video ads in seconds—in any language and with any persona.

I put together a quick breakdown of how top brands are using this right now:

👉 Check it out here: https://ugc-gen-ai.carrd.co

Keep crushing it,  
Growth Team"
"Go Fitness Center","Home decor & lighting","US","https://go-fitness-center.myshopify.com/","mailto:mllegeorgesand@gmail.com","mllegeorgesand@gmail.com","queued","false","skipped","Quick question about Go Fitness Center’s scaling","Hey Go Fitness Center team,

I was just analyzing top-performing e-commerce brands in the Home decor & lighting space and came across your store. Great branding and product lineup!

Quick question: Are you currently using AI UGC video ads to test new products and scale globally without the headache of shooting content?

Most Home decor & lighting stores are leaving money on the table because traditional content creation is too slow and expensive. With AI UGC, you can generate endless high-converting, viral video ads in seconds—in any language and with any persona.

I put together a quick breakdown of how top brands are using this right now:

👉 Check it out here: https://ugc-gen-ai.carrd.co

Keep crushing it,  
Growth Team"
"Go Vertical USA","Home decor & lighting","US","https://go-vertical-usa.myshopify.com/","https://go-vertical-usa.myshopify.com/pages/contact-us","","review","false","skipped","Quick question about Go Vertical USA’s scaling","Hey Go Vertical USA team,

I was just analyzing top-performing e-commerce brands in the Home decor & lighting space and came across your store. Great branding and product lineup!

Quick question: Are you currently using AI UGC video ads to test new products and scale globally without the headache of shooting content?

Most Home decor & lighting stores are leaving money on the table because traditional content creation is too slow and expensive. With AI UGC, you can generate endless high-converting, viral video ads in seconds—in any language and with any persona.

I put together a quick breakdown of how top brands are using this right now:

👉 Check it out here: https://ugc-gen-ai.carrd.co

Keep crushing it,  
Growth Team"
"GO GLUELESS ACADEMY","Makeup & cosmetics","UK","https://gogluelessacademy.myshopify.com/","https://gogluelessacademy.myshopify.com/pages/contact","","review","false","skipped","Quick question about GO GLUELESS ACADEMY’s scaling","Hey GO GLUELESS ACADEMY team,

I was just analyzing top-performing e-commerce brands in the Makeup & cosmetics space and came across your store. Great branding and product lineup!

Quick question: Are you currently using AI UGC video ads to test new products and scale globally without the headache of shooting content?

Most Makeup & cosmetics stores are leaving money on the table because traditional content creation is too slow and expensive. With AI UGC, you can generate endless high-converting, viral video ads in seconds—in any language and with any persona.

I put together a quick breakdown of how top brands are using this right now:

👉 Check it out here: https://ugc-gen-ai.carrd.co

Keep crushing it,  
Growth Team"
"Gogsig | Barfodssko til børn & kvinder | Dansk design &ndash; gogsig","Home decor & lighting","CA","https://gogsig.myshopify.com/","","","not_contacted","false","skipped","Quick question about Gogsig | Barfodssko til børn & kvinder | Dansk design &ndash; gogsig’s scaling","Hey Gogsig | Barfodssko til børn & kvinder | Dansk design &ndash; gogsig team,

I was just analyzing top-performing e-commerce brands in the Home decor & lighting space and came across your store. Great branding and product lineup!

Quick question: Are you currently using AI UGC video ads to test new products and scale globally without the headache of shooting content?

Most Home decor & lighting stores are leaving money on the table because traditional content creation is too slow and expensive. With AI UGC, you can generate endless high-converting, viral video ads in seconds—in any language and with any persona.

I put together a quick breakdown of how top brands are using this right now:

👉 Check it out here: https://ugc-gen-ai.carrd.co

Keep crushing it,  
Growth Team"
"Gold Rush Diamonds & Boutique &ndash; Gold Rush Diamonds & Boutique","Home decor & lighting","US","https://gold-rush-diamonds-boutique.myshopify.com/","https://gold-rush-diamonds-boutique.myshopify.com/pages/about-us","kristen.grd@gmail.com","review","false","skipped","Quick question about Gold Rush Diamonds & Boutique &ndash; Gold Rush Diamonds & Boutique’s scaling","Hey Gold Rush Diamonds & Boutique &ndash; Gold Rush Diamonds & Boutique team,

I was just analyzing top-performing e-commerce brands in the Home decor & lighting space and came across your store. Great branding and product lineup!

Quick question: Are you currently using AI UGC video ads to test new products and scale globally without the headache of shooting content?

Most Home decor & lighting stores are leaving money on the table because traditional content creation is too slow and expensive. With AI UGC, you can generate endless high-converting, viral video ads in seconds—in any language and with any persona.

I put together a quick breakdown of how top brands are using this right now:

👉 Check it out here: https://ugc-gen-ai.carrd.co

Keep crushing it,  
Growth Team"
"golden! Blumen & Wohnen","Home decor & lighting","EU","https://golden-neukoelln.myshopify.com/","","","not_contacted","false","skipped","Quick question about golden! Blumen & Wohnen’s scaling","Hey golden! Blumen & Wohnen team,

I was just analyzing top-performing e-commerce brands in the Home decor & lighting space and came across your store. Great branding and product lineup!

Quick question: Are you currently using AI UGC video ads to test new products and scale globally without the headache of shooting content?

Most Home decor & lighting stores are leaving money on the table because traditional content creation is too slow and expensive. With AI UGC, you can generate endless high-converting, viral video ads in seconds—in any language and with any persona.

I put together a quick breakdown of how top brands are using this right now:

👉 Check it out here: https://ugc-gen-ai.carrd.co

Keep crushing it,  
Growth Team"
"WeAreMEGMedia &ndash; M.E.G. Records Music","Cleaning tools","CA","https://m-e-g-records-music.myshopify.com/","mailto:megfanlist@gmail.com","megfanlist@gmail.com","queued","false","skipped","Quick question about WeAreMEGMedia &ndash; M.E.G. Records Music’s scaling","Hey WeAreMEGMedia &ndash; M.E.G. Records Music team,

I was just analyzing top-performing e-commerce brands in the Cleaning tools space and came across your store. Great branding and product lineup!

Quick question: Are you currently using AI UGC video ads to test new products and scale globally without the headache of shooting content?

Most Cleaning tools stores are leaving money on the table because traditional content creation is too slow and expensive. With AI UGC, you can generate endless high-converting, viral video ads in seconds—in any language and with any persona.

I put together a quick breakdown of how top brands are using this right now:

👉 Check it out here: https://ugc-gen-ai.carrd.co

Keep crushing it,  
Growth Team"
"Autosnax","Home decor & lighting","US","https://m25rxt-x0.myshopify.com/","https://m25rxt-x0.myshopify.com/pages/contact","","review","false","skipped","Quick question about Autosnax’s scaling","Hey Autosnax team,

I was just analyzing top-performing e-commerce brands in the Home decor & lighting space and came across your store. Great branding and product lineup!

Quick question: Are you currently using AI UGC video ads to test new products and scale globally without the headache of shooting content?

Most Home decor & lighting stores are leaving money on the table because traditional content creation is too slow and expensive. With AI UGC, you can generate endless high-converting, viral video ads in seconds—in any language and with any persona.

I put together a quick breakdown of how top brands are using this right now:

👉 Check it out here: https://ugc-gen-ai.carrd.co

Keep crushing it,  
Growth Team"
"home &ndash; The Animator store","Home decor & lighting","CA","https://m3d-animation.myshopify.com/","mailto:3dmatheus@gmail.com","3dmatheus@gmail.com","queued","false","skipped","Quick question about home &ndash; The Animator store’s scaling","Hey home &ndash; The Animator store team,

I was just analyzing top-performing e-commerce brands in the Home decor & lighting space and came across your store. Great branding and product lineup!

Quick question: Are you currently using AI UGC video ads to test new products and scale globally without the headache of shooting content?

Most Home decor & lighting stores are leaving money on the table because traditional content creation is too slow and expensive. With AI UGC, you can generate endless high-converting, viral video ads in seconds—in any language and with any persona.

I put together a quick breakdown of how top brands are using this right now:

👉 Check it out here: https://ugc-gen-ai.carrd.co

Keep crushing it,  
Growth Team"
"Fagottina","Home decor & lighting","US","https://m7wtbi-0y.myshopify.com/password","","","not_contacted","false","skipped","Quick question about Fagottina’s scaling","Hey Fagottina team,

I was just analyzing top-performing e-commerce brands in the Home decor & lighting space and came across your store. Great branding and product lineup!

Quick question: Are you currently using AI UGC video ads to test new products and scale globally without the headache of shooting content?

Most Home decor & lighting stores are leaving money on the table because traditional content creation is too slow and expensive. With AI UGC, you can generate endless high-converting, viral video ads in seconds—in any language and with any persona.

I put together a quick breakdown of how top brands are using this right now:

👉 Check it out here: https://ugc-gen-ai.carrd.co

Keep crushing it,  
Growth Team"
"mabet - handgefertigte Modeschmuck Unikate &ndash; mabet shop","Home decor & lighting","EU","https://mabetat.myshopify.com/","","","not_contacted","false","skipped","Quick question about mabet - handgefertigte Modeschmuck Unikate &ndash; mabet shop’s scaling","Hey mabet - handgefertigte Modeschmuck Unikate &ndash; mabet shop team,

I was just analyzing top-performing e-commerce brands in the Home decor & lighting space and came across your store. Great branding and product lineup!

Quick question: Are you currently using AI UGC video ads to test new products and scale globally without the headache of shooting content?

Most Home decor & lighting stores are leaving money on the table because traditional content creation is too slow and expensive. With AI UGC, you can generate endless high-converting, viral video ads in seconds—in any language and with any persona.

I put together a quick breakdown of how top brands are using this right now:

👉 Check it out here: https://ugc-gen-ai.carrd.co

Keep crushing it,  
Growth Team"
"MAC | AMC &ndash; Mineralogical Association of Canada","Cleaning tools","CA","https://mac-amc.myshopify.com/en-us","https://mac-amc.myshopify.com/en-us/pages/contact","office@mineralogicalassociation.ca","review","false","skipped","Quick question about MAC | AMC &ndash; Mineralogical Association of Canada’s scaling","Hey MAC | AMC &ndash; Mineralogical Association of Canada team,

I was just analyzing top-performing e-commerce brands in the Cleaning tools space and came across your store. Great branding and product lineup!

Quick question: Are you currently using AI UGC video ads to test new products and scale globally without the headache of shooting content?

Most Cleaning tools stores are leaving money on the table because traditional content creation is too slow and expensive. With AI UGC, you can generate endless high-converting, viral video ads in seconds—in any language and with any persona.

I put together a quick breakdown of how top brands are using this right now:

👉 Check it out here: https://ugc-gen-ai.carrd.co

Keep crushing it,  
Growth Team"
"Macon Arts Gallery &ndash; Macon Arts Alliance","Makeup & cosmetics","US","https://macon-arts-alliance.myshopify.com/","https://macon-arts-alliance.myshopify.com/pages/about-us","","review","false","skipped","Quick question about Macon Arts Gallery &ndash; Macon Arts Alliance’s scaling","Hey Macon Arts Gallery &ndash; Macon Arts Alliance team,

I was just analyzing top-performing e-commerce brands in the Makeup & cosmetics space and came across your store. Great branding and product lineup!

Quick question: Are you currently using AI UGC video ads to test new products and scale globally without the headache of shooting content?

Most Makeup & cosmetics stores are leaving money on the table because traditional content creation is too slow and expensive. With AI UGC, you can generate endless high-converting, viral video ads in seconds—in any language and with any persona.

I put together a quick breakdown of how top brands are using this right now:

👉 Check it out here: https://ugc-gen-ai.carrd.co

Keep crushing it,  
Growth Team"
"LORDWEL™|CAIRIO™|LUME MIA™ Premium Fast Fashion","Makeup & cosmetics","US","https://www.lordwel.com/password","","","not_contacted","false","skipped","Quick question about LORDWEL™|CAIRIO™|LUME MIA™ Premium Fast Fashion’s scaling","Hey LORDWEL™|CAIRIO™|LUME MIA™ Premium Fast Fashion team,

I was just analyzing top-performing e-commerce brands in the Makeup & cosmetics space and came across your store. Great branding and product lineup!

Quick question: Are you currently using AI UGC video ads to test new products and scale globally without the headache of shooting content?

Most Makeup & cosmetics stores are leaving money on the table because traditional content creation is too slow and expensive. With AI UGC, you can generate endless high-converting, viral video ads in seconds—in any language and with any persona.

I put together a quick breakdown of how top brands are using this right now:

👉 Check it out here: https://ugc-gen-ai.carrd.co

Keep crushing it,  
Growth Team"
"Woelies","Home decor & lighting","EU","https://madbosnie.myshopify.com/","","","not_contacted","false","skipped","Quick question about Woelies’s scaling","Hey Woelies team,

I was just analyzing top-performing e-commerce brands in the Home decor & lighting space and came across your store. Great branding and product lineup!

Quick question: Are you currently using AI UGC video ads to test new products and scale globally without the headache of shooting content?

Most Home decor & lighting stores are leaving money on the table because traditional content creation is too slow and expensive. With AI UGC, you can generate endless high-converting, viral video ads in seconds—in any language and with any persona.

I put together a quick breakdown of how top brands are using this right now:

👉 Check it out here: https://ugc-gen-ai.carrd.co

Keep crushing it,  
Growth Team"
"Made By Mo-nae' &ndash; Made By Mo-nae&#39;","Skincare & anti-aging","CA","https://made-by-mo-nae.myshopify.com/","https://made-by-mo-nae.myshopify.com/pages/contact-us","madebymonae@gmail.com","review","false","skipped","Quick question about Made By Mo-nae' &ndash; Made By Mo-nae&#39;’s scaling","Hey Made By Mo-nae' &ndash; Made By Mo-nae&#39; team,

I was just analyzing top-performing e-commerce brands in the Skincare & anti-aging space and came across your store. Great branding and product lineup!

Quick question: Are you currently using AI UGC video ads to test new products and scale globally without the headache of shooting content?

Most Skincare & anti-aging stores are leaving money on the table because traditional content creation is too slow and expensive. With AI UGC, you can generate endless high-converting, viral video ads in seconds—in any language and with any persona.

I put together a quick breakdown of how top brands are using this right now:

👉 Check it out here: https://ugc-gen-ai.carrd.co

Keep crushing it,  
Growth Team"
"Made.in.ringön","Home decor & lighting","US","https://made-in-ringon.myshopify.com/","","","not_contacted","false","skipped","Quick question about Made.in.ringön’s scaling","Hey Made.in.ringön team,

I was just analyzing top-performing e-commerce brands in the Home decor & lighting space and came across your store. Great branding and product lineup!

Quick question: Are you currently using AI UGC video ads to test new products and scale globally without the headache of shooting content?

Most Home decor & lighting stores are leaving money on the table because traditional content creation is too slow and expensive. With AI UGC, you can generate endless high-converting, viral video ads in seconds—in any language and with any persona.

I put together a quick breakdown of how top brands are using this right now:

👉 Check it out here: https://ugc-gen-ai.carrd.co

Keep crushing it,  
Growth Team"
"Petal Bliss &ndash; Daisy Petal Bliss","Home decor & lighting","US","https://madebyemily.myshopify.com/","https://madebyemily.myshopify.com/pages/about","daisypeachau@outlook.com","review","false","skipped","Quick question about Petal Bliss &ndash; Daisy Petal Bliss’s scaling","Hey Petal Bliss &ndash; Daisy Petal Bliss team,

I was just analyzing top-performing e-commerce brands in the Home decor & lighting space and came across your store. Great branding and product lineup!

Quick question: Are you currently using AI UGC video ads to test new products and scale globally without the headache of shooting content?

Most Home decor & lighting stores are leaving money on the table because traditional content creation is too slow and expensive. With AI UGC, you can generate endless high-converting, viral video ads in seconds—in any language and with any persona.

I put together a quick breakdown of how top brands are using this right now:

👉 Check it out here: https://ugc-gen-ai.carrd.co

Keep crushing it,  
Growth Team"
"Handmade Limited Edition Fine Ceramics & Unusual Decorative Art &ndash; madebymanos","Cleaning tools","CA","https://madebymanos.myshopify.com/","mailto:manos@madebymanos.com","manos@madebymanos.com","queued","false","skipped","Quick question about Handmade Limited Edition Fine Ceramics & Unusual Decorative Art &ndash; madebymanos’s scaling","Hey Handmade Limited Edition Fine Ceramics & Unusual Decorative Art &ndash; madebymanos team,

I was just analyzing top-performing e-commerce brands in the Cleaning tools space and came across your store. Great branding and product lineup!

Quick question: Are you currently using AI UGC video ads to test new products and scale globally without the headache of shooting content?

Most Cleaning tools stores are leaving money on the table because traditional content creation is too slow and expensive. With AI UGC, you can generate endless high-converting, viral video ads in seconds—in any language and with any persona.

I put together a quick breakdown of how top brands are using this right now:

👉 Check it out here: https://ugc-gen-ai.carrd.co

Keep crushing it,  
Growth Team"
"Made By Mija","Cleaning tools","CA","https://madebymija.myshopify.com/","https://madebymija.myshopify.com/pages/shipping-returns","support@madebymija.com","review","false","skipped","Quick question about Made By Mija’s scaling","Hey Made By Mija team,

I was just analyzing top-performing e-commerce brands in the Cleaning tools space and came across your store. Great branding and product lineup!

Quick question: Are you currently using AI UGC video ads to test new products and scale globally without the headache of shooting content?

Most Cleaning tools stores are leaving money on the table because traditional content creation is too slow and expensive. With AI UGC, you can generate endless high-converting, viral video ads in seconds—in any language and with any persona.

I put together a quick breakdown of how top brands are using this right now:

👉 Check it out here: https://ugc-gen-ai.carrd.co

Keep crushing it,  
Growth Team"
"Mad Farmers Indy - Produce","Home decor & lighting","US","https://madfarmersproduce.myshopify.com/","https://madfarmersindy.com/pages/about-us","","review","false","skipped","Quick question about Mad Farmers Indy - Produce’s scaling","Hey Mad Farmers Indy - Produce team,

I was just analyzing top-performing e-commerce brands in the Home decor & lighting space and came across your store. Great branding and product lineup!

Quick question: Are you currently using AI UGC video ads to test new products and scale globally without the headache of shooting content?

Most Home decor & lighting stores are leaving money on the table because traditional content creation is too slow and expensive. With AI UGC, you can generate endless high-converting, viral video ads in seconds—in any language and with any persona.

I put together a quick breakdown of how top brands are using this right now:

👉 Check it out here: https://ugc-gen-ai.carrd.co

Keep crushing it,  
Growth Team"
"Madison Lyn Jewelry","Home decor & lighting","CA","https://madisonlynjewelry.myshopify.com/","https://madisonlynjewelry.myshopify.com/pages/contact","","review","false","skipped","Quick question about Madison Lyn Jewelry’s scaling","Hey Madison Lyn Jewelry team,

I was just analyzing top-performing e-commerce brands in the Home decor & lighting space and came across your store. Great branding and product lineup!

Quick question: Are you currently using AI UGC video ads to test new products and scale globally without the headache of shooting content?

Most Home decor & lighting stores are leaving money on the table because traditional content creation is too slow and expensive. With AI UGC, you can generate endless high-converting, viral video ads in seconds—in any language and with any persona.

I put together a quick breakdown of how top brands are using this right now:

👉 Check it out here: https://ugc-gen-ai.carrd.co

Keep crushing it,  
Growth Team"
"Maduras Herbals &ndash; Madurasherbals","Skincare & anti-aging","US","https://madurasherbals.myshopify.com/","https://madurasherbals.myshopify.com/pages/contact","sales11@madurasherbals.com","review","false","skipped","Quick question about Maduras Herbals &ndash; Madurasherbals’s scaling","Hey Maduras Herbals &ndash; Madurasherbals team,

I was just analyzing top-performing e-commerce brands in the Skincare & anti-aging space and came across your store. Great branding and product lineup!

Quick question: Are you currently using AI UGC video ads to test new products and scale globally without the headache of shooting content?

Most Skincare & anti-aging stores are leaving money on the table because traditional content creation is too slow and expensive. With AI UGC, you can generate endless high-converting, viral video ads in seconds—in any language and with any persona.

I put together a quick breakdown of how top brands are using this right now:

👉 Check it out here: https://ugc-gen-ai.carrd.co

Keep crushing it,  
Growth Team"
"Yoyo Maeght &ndash; Yoyo MAEGHT","Pet supplies","US","https://maeght.myshopify.com/","","","not_contacted","false","skipped","Quick question about Yoyo Maeght &ndash; Yoyo MAEGHT’s scaling","Hey Yoyo Maeght &ndash; Yoyo MAEGHT team,

I was just analyzing top-performing e-commerce brands in the Pet supplies space and came across your store. Great branding and product lineup!

Quick question: Are you currently using AI UGC video ads to test new products and scale globally without the headache of shooting content?

Most Pet supplies stores are leaving money on the table because traditional content creation is too slow and expensive. With AI UGC, you can generate endless high-converting, viral video ads in seconds—in any language and with any persona.

I put together a quick breakdown of how top brands are using this right now:

👉 Check it out here: https://ugc-gen-ai.carrd.co

Keep crushing it,  
Growth Team"
"KOOL WhatsApp Notifications Demo store","Home decor & lighting","US","https://magecompdev.myshopify.com/","","","not_contacted","false","skipped","Quick question about KOOL WhatsApp Notifications Demo store’s scaling","Hey KOOL WhatsApp Notifications Demo store team,

I was just analyzing top-performing e-commerce brands in the Home decor & lighting space and came across your store. Great branding and product lineup!

Quick question: Are you currently using AI UGC video ads to test new products and scale globally without the headache of shooting content?

Most Home decor & lighting stores are leaving money on the table because traditional content creation is too slow and expensive. With AI UGC, you can generate endless high-converting, viral video ads in seconds—in any language and with any persona.

I put together a quick breakdown of how top brands are using this right now:

👉 Check it out here: https://ugc-gen-ai.carrd.co

Keep crushing it,  
Growth Team"
"Magic of Orlando Drum and Bugle Corps Pop-up Shop &ndash; Magic-of-Orlando-Drum-&-Bugle-Corps","Home decor & lighting","US","https://magic-of-orlando-drum-bugle-corps.myshopify.com/","","","not_contacted","false","skipped","Quick question about Magic of Orlando Drum and Bugle Corps Pop-up Shop &ndash; Magic-of-Orlando-Drum-&-Bugle-Corps’s scaling","Hey Magic of Orlando Drum and Bugle Corps Pop-up Shop &ndash; Magic-of-Orlando-Drum-&-Bugle-Corps team,

I was just analyzing top-performing e-commerce brands in the Home decor & lighting space and came across your store. Great branding and product lineup!

Quick question: Are you currently using AI UGC video ads to test new products and scale globally without the headache of shooting content?

Most Home decor & lighting stores are leaving money on the table because traditional content creation is too slow and expensive. With AI UGC, you can generate endless high-converting, viral video ads in seconds—in any language and with any persona.

I put together a quick breakdown of how top brands are using this right now:

👉 Check it out here: https://ugc-gen-ai.carrd.co

Keep crushing it,  
Growth Team"
"MAGNOLIA PEARL - OFFICIAL SITE &ndash; Magnolia Pearl Clothing","Hair care","AU","https://magnolia-pearl-clothing.myshopify.com/","https://magnolia-pearl-clothing.myshopify.com/pages/contact-us","sales@magnoliapearl.com","review","false","skipped","Quick question about MAGNOLIA PEARL - OFFICIAL SITE &ndash; Magnolia Pearl Clothing’s scaling","Hey MAGNOLIA PEARL - OFFICIAL SITE &ndash; Magnolia Pearl Clothing team,

I was just analyzing top-performing e-commerce brands in the Hair care space and came across your store. Great branding and product lineup!

Quick question: Are you currently using AI UGC video ads to test new products and scale globally without the headache of shooting content?

Most Hair care stores are leaving money on the table because traditional content creation is too slow and expensive. With AI UGC, you can generate endless high-converting, viral video ads in seconds—in any language and with any persona.

I put together a quick breakdown of how top brands are using this right now:

👉 Check it out here: https://ugc-gen-ai.carrd.co

Keep crushing it,  
Growth Team"
"Shop in United States and Canada, US, CA | Online Shopping, Best Place &ndash; MAGOES","Pet supplies","CA","https://magoes.myshopify.com/","https://magoes.myshopify.com/pages/contact-us","shop.magoes@gmail.com","review","false","skipped","Quick question about Shop in United States and Canada, US, CA | Online Shopping, Best Place &ndash; MAGOES’s scaling","Hey Shop in United States and Canada, US, CA | Online Shopping, Best Place &ndash; MAGOES team,

I was just analyzing top-performing e-commerce brands in the Pet supplies space and came across your store. Great branding and product lineup!

Quick question: Are you currently using AI UGC video ads to test new products and scale globally without the headache of shooting content?

Most Pet supplies stores are leaving money on the table because traditional content creation is too slow and expensive. With AI UGC, you can generate endless high-converting, viral video ads in seconds—in any language and with any persona.

I put together a quick breakdown of how top brands are using this right now:

👉 Check it out here: https://ugc-gen-ai.carrd.co

Keep crushing it,  
Growth Team"
"Mahabub","Home decor & lighting","US","https://mahabub-sg.myshopify.com/","https://mahabub-sg.myshopify.com/pages/contact","","review","false","skipped","Quick question about Mahabub’s scaling","Hey Mahabub team,

I was just analyzing top-performing e-commerce brands in the Home decor & lighting space and came across your store. Great branding and product lineup!

Quick question: Are you currently using AI UGC video ads to test new products and scale globally without the headache of shooting content?

Most Home decor & lighting stores are leaving money on the table because traditional content creation is too slow and expensive. With AI UGC, you can generate endless high-converting, viral video ads in seconds—in any language and with any persona.

I put together a quick breakdown of how top brands are using this right now:

👉 Check it out here: https://ugc-gen-ai.carrd.co

Keep crushing it,  
Growth Team"
"Maia Bergman &ndash; maiabergman","Home decor & lighting","AU","https://maiabergman.myshopify.com/","https://maiabergman.myshopify.com/pages/about","withlove@maiabergman.com","review","false","skipped","Quick question about Maia Bergman &ndash; maiabergman’s scaling","Hey Maia Bergman &ndash; maiabergman team,

I was just analyzing top-performing e-commerce brands in the Home decor & lighting space and came across your store. Great branding and product lineup!

Quick question: Are you currently using AI UGC video ads to test new products and scale globally without the headache of shooting content?

Most Home decor & lighting stores are leaving money on the table because traditional content creation is too slow and expensive. With AI UGC, you can generate endless high-converting, viral video ads in seconds—in any language and with any persona.

I put together a quick breakdown of how top brands are using this right now:

👉 Check it out here: https://ugc-gen-ai.carrd.co

Keep crushing it,  
Growth Team"
"Mainline and Maritime &ndash; Mainline & Maritime","Home decor & lighting","US","https://mainline-maritime.myshopify.com/","mailto:orders@mainlineandmaritime.co.uk","orders@mainlineandmaritime.co.uk","queued","false","skipped","Quick question about Mainline and Maritime &ndash; Mainline & Maritime’s scaling","Hey Mainline and Maritime &ndash; Mainline & Maritime team,

I was just analyzing top-performing e-commerce brands in the Home decor & lighting space and came across your store. Great branding and product lineup!

Quick question: Are you currently using AI UGC video ads to test new products and scale globally without the headache of shooting content?

Most Home decor & lighting stores are leaving money on the table because traditional content creation is too slow and expensive. With AI UGC, you can generate endless high-converting, viral video ads in seconds—in any language and with any persona.

I put together a quick breakdown of how top brands are using this right now:

👉 Check it out here: https://ugc-gen-ai.carrd.co

Keep crushing it,  
Growth Team"
"Unique Vintage & Handmade Decor | Explore Maison Extravaganza","Nail & eyelash care","CA","https://maison-extravaganza.myshopify.com/","https://maison-extravaganza.myshopify.com/pages/contact","","review","false","skipped","Quick question about Unique Vintage & Handmade Decor | Explore Maison Extravaganza’s scaling","Hey Unique Vintage & Handmade Decor | Explore Maison Extravaganza team,

I was just analyzing top-performing e-commerce brands in the Nail & eyelash care space and came across your store. Great branding and product lineup!

Quick question: Are you currently using AI UGC video ads to test new products and scale globally without the headache of shooting content?

Most Nail & eyelash care stores are leaving money on the table because traditional content creation is too slow and expensive. With AI UGC, you can generate endless high-converting, viral video ads in seconds—in any language and with any persona.

I put together a quick breakdown of how top brands are using this right now:

👉 Check it out here: https://ugc-gen-ai.carrd.co

Keep crushing it,  
Growth Team"
"Maison Marcelle | Home","Makeup & cosmetics","US","https://maison-marcelle.myshopify.com/","https://maison-marcelle.myshopify.com/pages/contact-us","","review","false","skipped","Quick question about Maison Marcelle | Home’s scaling","Hey Maison Marcelle | Home team,

I was just analyzing top-performing e-commerce brands in the Makeup & cosmetics space and came across your store. Great branding and product lineup!

Quick question: Are you currently using AI UGC video ads to test new products and scale globally without the headache of shooting content?

Most Makeup & cosmetics stores are leaving money on the table because traditional content creation is too slow and expensive. With AI UGC, you can generate endless high-converting, viral video ads in seconds—in any language and with any persona.

I put together a quick breakdown of how top brands are using this right now:

👉 Check it out here: https://ugc-gen-ai.carrd.co

Keep crushing it,  
Growth Team"
"SASSY | Fresh & Full Flavoured French Cider &ndash; Maison Sassy","Pet supplies","UK","https://maison-sassy.com/","","","not_contacted","false","skipped","Quick question about SASSY | Fresh & Full Flavoured French Cider &ndash; Maison Sassy’s scaling","Hey SASSY | Fresh & Full Flavoured French Cider &ndash; Maison Sassy team,

I was just analyzing top-performing e-commerce brands in the Pet supplies space and came across your store. Great branding and product lineup!

Quick question: Are you currently using AI UGC video ads to test new products and scale globally without the headache of shooting content?

Most Pet supplies stores are leaving money on the table because traditional content creation is too slow and expensive. With AI UGC, you can generate endless high-converting, viral video ads in seconds—in any language and with any persona.

I put together a quick breakdown of how top brands are using this right now:

👉 Check it out here: https://ugc-gen-ai.carrd.co

Keep crushing it,  
Growth Team"
"Maison Sloane London","Cleaning tools","CA","https://maison-sloane-london.myshopify.com/","https://maison-sloane-london.myshopify.com/pages/about-us","","review","false","skipped","Quick question about Maison Sloane London’s scaling","Hey Maison Sloane London team,

I was just analyzing top-performing e-commerce brands in the Cleaning tools space and came across your store. Great branding and product lineup!

Quick question: Are you currently using AI UGC video ads to test new products and scale globally without the headache of shooting content?

Most Cleaning tools stores are leaving money on the table because traditional content creation is too slow and expensive. With AI UGC, you can generate endless high-converting, viral video ads in seconds—in any language and with any persona.

I put together a quick breakdown of how top brands are using this right now:

👉 Check it out here: https://ugc-gen-ai.carrd.co

Keep crushing it,  
Growth Team"
"Maite Makeup Company &ndash; Opening Soon","Makeup & cosmetics","US","https://maite-makeup-company.myshopify.com/password","","","not_contacted","false","skipped","Quick question about Maite Makeup Company &ndash; Opening Soon’s scaling","Hey Maite Makeup Company &ndash; Opening Soon team,

I was just analyzing top-performing e-commerce brands in the Makeup & cosmetics space and came across your store. Great branding and product lineup!

Quick question: Are you currently using AI UGC video ads to test new products and scale globally without the headache of shooting content?

Most Makeup & cosmetics stores are leaving money on the table because traditional content creation is too slow and expensive. With AI UGC, you can generate endless high-converting, viral video ads in seconds—in any language and with any persona.

I put together a quick breakdown of how top brands are using this right now:

👉 Check it out here: https://ugc-gen-ai.carrd.co

Keep crushing it,  
Growth Team"
"Make Real Estate Real","Home decor & lighting","US","https://make-real-estate-real.myshopify.com/","https://make-real-estate-real.myshopify.com/pages/contact","","review","false","skipped","Quick question about Make Real Estate Real’s scaling","Hey Make Real Estate Real team,

I was just analyzing top-performing e-commerce brands in the Home decor & lighting space and came across your store. Great branding and product lineup!

Quick question: Are you currently using AI UGC video ads to test new products and scale globally without the headache of shooting content?

Most Home decor & lighting stores are leaving money on the table because traditional content creation is too slow and expensive. With AI UGC, you can generate endless high-converting, viral video ads in seconds—in any language and with any persona.

I put together a quick breakdown of how top brands are using this right now:

👉 Check it out here: https://ugc-gen-ai.carrd.co

Keep crushing it,  
Growth Team"
"Make-up Studio.nl | Webshop for make-up products","Hair care","US","https://make-upstudio-nl.myshopify.com/en-in","https://make-upstudio-nl.myshopify.com/en-in/pages/contact","sales@specialcosmetics.nl","review","false","skipped","Quick question about Make-up Studio.nl | Webshop for make-up products’s scaling","Hey Make-up Studio.nl | Webshop for make-up products team,

I was just analyzing top-performing e-commerce brands in the Hair care space and came across your store. Great branding and product lineup!

Quick question: Are you currently using AI UGC video ads to test new products and scale globally without the headache of shooting content?

Most Hair care stores are leaving money on the table because traditional content creation is too slow and expensive. With AI UGC, you can generate endless high-converting, viral video ads in seconds—in any language and with any persona.

I put together a quick breakdown of how top brands are using this right now:

👉 Check it out here: https://ugc-gen-ai.carrd.co

Keep crushing it,  
Growth Team"
"Makeup by Bo Beauty","Skincare & anti-aging","CA","https://makeup-by-bo-beauty.myshopify.com/","https://makeup-by-bo-beauty.myshopify.com/pages/contact","","review","false","skipped","Quick question about Makeup by Bo Beauty’s scaling","Hey Makeup by Bo Beauty team,

I was just analyzing top-performing e-commerce brands in the Skincare & anti-aging space and came across your store. Great branding and product lineup!

Quick question: Are you currently using AI UGC video ads to test new products and scale globally without the headache of shooting content?

Most Skincare & anti-aging stores are leaving money on the table because traditional content creation is too slow and expensive. With AI UGC, you can generate endless high-converting, viral video ads in seconds—in any language and with any persona.

I put together a quick breakdown of how top brands are using this right now:

👉 Check it out here: https://ugc-gen-ai.carrd.co

Keep crushing it,  
Growth Team"
"Mally Beauty","Makeup & cosmetics","US","https://mallybeauty-co-uk.myshopify.com/password","mailto:info@mally.com","info@mally.com","queued","false","skipped","Quick question about Mally Beauty’s scaling","Hey Mally Beauty team,

I was just analyzing top-performing e-commerce brands in the Makeup & cosmetics space and came across your store. Great branding and product lineup!

Quick question: Are you currently using AI UGC video ads to test new products and scale globally without the headache of shooting content?

Most Makeup & cosmetics stores are leaving money on the table because traditional content creation is too slow and expensive. With AI UGC, you can generate endless high-converting, viral video ads in seconds—in any language and with any persona.

I put together a quick breakdown of how top brands are using this right now:

👉 Check it out here: https://ugc-gen-ai.carrd.co

Keep crushing it,  
Growth Team"
"Malmborg&#39;s Garden Center","Home decor & lighting","US","https://malmborgs-garden-center.myshopify.com/","https://malmborgs-garden-center.myshopify.com/pages/contact-us","malmborgs@geraniumsbygeorge.com","review","false","skipped","Quick question about Malmborg&#39;s Garden Center’s scaling","Hey Malmborg&#39;s Garden Center team,

I was just analyzing top-performing e-commerce brands in the Home decor & lighting space and came across your store. Great branding and product lineup!

Quick question: Are you currently using AI UGC video ads to test new products and scale globally without the headache of shooting content?

Most Home decor & lighting stores are leaving money on the table because traditional content creation is too slow and expensive. With AI UGC, you can generate endless high-converting, viral video ads in seconds—in any language and with any persona.

I put together a quick breakdown of how top brands are using this right now:

👉 Check it out here: https://ugc-gen-ai.carrd.co

Keep crushing it,  
Growth Team"
"Mama D's coffee &ndash; Mama D&#39;s coffee","Home decor & lighting","US","https://mama-ds-coffee.myshopify.com/","https://mama-ds-coffee.myshopify.com/pages/contact","","review","false","skipped","Quick question about Mama D's coffee &ndash; Mama D&#39;s coffee’s scaling","Hey Mama D's coffee &ndash; Mama D&#39;s coffee team,

I was just analyzing top-performing e-commerce brands in the Home decor & lighting space and came across your store. Great branding and product lineup!

Quick question: Are you currently using AI UGC video ads to test new products and scale globally without the headache of shooting content?

Most Home decor & lighting stores are leaving money on the table because traditional content creation is too slow and expensive. With AI UGC, you can generate endless high-converting, viral video ads in seconds—in any language and with any persona.

I put together a quick breakdown of how top brands are using this right now:

👉 Check it out here: https://ugc-gen-ai.carrd.co

Keep crushing it,  
Growth Team"
"Mama Lisa&#39;s World Store","Home decor & lighting","US","https://mama-lisas-world.myshopify.com/","https://mama-lisas-world.myshopify.com/products/poems-about-the-months-of-the-year-ebook","","review","false","skipped","Quick question about Mama Lisa&#39;s World Store’s scaling","Hey Mama Lisa&#39;s World Store team,

I was just analyzing top-performing e-commerce brands in the Home decor & lighting space and came across your store. Great branding and product lineup!

Quick question: Are you currently using AI UGC video ads to test new products and scale globally without the headache of shooting content?

Most Home decor & lighting stores are leaving money on the table because traditional content creation is too slow and expensive. With AI UGC, you can generate endless high-converting, viral video ads in seconds—in any language and with any persona.

I put together a quick breakdown of how top brands are using this right now:

👉 Check it out here: https://ugc-gen-ai.carrd.co

Keep crushing it,  
Growth Team"
"Man In the Moon Candies","Home decor & lighting","US","https://man-in-the-moon-candies.myshopify.com/","https://man-in-the-moon-candies.myshopify.com/pages/about-us","maninthemooncandies@yahoo.com","review","false","skipped","Quick question about Man In the Moon Candies’s scaling","Hey Man In the Moon Candies team,

I was just analyzing top-performing e-commerce brands in the Home decor & lighting space and came across your store. Great branding and product lineup!

Quick question: Are you currently using AI UGC video ads to test new products and scale globally without the headache of shooting content?

Most Home decor & lighting stores are leaving money on the table because traditional content creation is too slow and expensive. With AI UGC, you can generate endless high-converting, viral video ads in seconds—in any language and with any persona.

I put together a quick breakdown of how top brands are using this right now:

👉 Check it out here: https://ugc-gen-ai.carrd.co

Keep crushing it,  
Growth Team"
"Mandragora Trading Card Games &ndash; Mandragora TCG","Smart home & kitchen","EU","https://mandragoratcg.be/?shpxid=4e01526b-32c4-4133-9789-3c2db5d9c2b3","","","not_contacted","false","skipped","Quick question about Mandragora Trading Card Games &ndash; Mandragora TCG’s scaling","Hey Mandragora Trading Card Games &ndash; Mandragora TCG team,

I was just analyzing top-performing e-commerce brands in the Smart home & kitchen space and came across your store. Great branding and product lineup!

Quick question: Are you currently using AI UGC video ads to test new products and scale globally without the headache of shooting content?

Most Smart home & kitchen stores are leaving money on the table because traditional content creation is too slow and expensive. With AI UGC, you can generate endless high-converting, viral video ads in seconds—in any language and with any persona.

I put together a quick breakdown of how top brands are using this right now:

👉 Check it out here: https://ugc-gen-ai.carrd.co

Keep crushing it,  
Growth Team"
"Mango Hill Records","Home decor & lighting","US","https://mango-hill-records.myshopify.com/","mailto:info@mangohillrecords.com","info@mangohillrecords.com","queued","false","skipped","Quick question about Mango Hill Records’s scaling","Hey Mango Hill Records team,

I was just analyzing top-performing e-commerce brands in the Home decor & lighting space and came across your store. Great branding and product lineup!

Quick question: Are you currently using AI UGC video ads to test new products and scale globally without the headache of shooting content?

Most Home decor & lighting stores are leaving money on the table because traditional content creation is too slow and expensive. With AI UGC, you can generate endless high-converting, viral video ads in seconds—in any language and with any persona.

I put together a quick breakdown of how top brands are using this right now:

👉 Check it out here: https://ugc-gen-ai.carrd.co

Keep crushing it,  
Growth Team"
"Manimal webshop &ndash; MANIMAL Webshop","Cleaning tools","CA","https://manimal-webshop.myshopify.com/","https://manimal-webshop.myshopify.com/pages/contact","","review","false","skipped","Quick question about Manimal webshop &ndash; MANIMAL Webshop’s scaling","Hey Manimal webshop &ndash; MANIMAL Webshop team,

I was just analyzing top-performing e-commerce brands in the Cleaning tools space and came across your store. Great branding and product lineup!

Quick question: Are you currently using AI UGC video ads to test new products and scale globally without the headache of shooting content?

Most Cleaning tools stores are leaving money on the table because traditional content creation is too slow and expensive. With AI UGC, you can generate endless high-converting, viral video ads in seconds—in any language and with any persona.

I put together a quick breakdown of how top brands are using this right now:

👉 Check it out here: https://ugc-gen-ai.carrd.co

Keep crushing it,  
Growth Team"
"Manneke Brussels Talent Shop","Pet supplies","US","https://manneke.myshopify.com/","","","not_contacted","false","skipped","Quick question about Manneke Brussels Talent Shop’s scaling","Hey Manneke Brussels Talent Shop team,

I was just analyzing top-performing e-commerce brands in the Pet supplies space and came across your store. Great branding and product lineup!

Quick question: Are you currently using AI UGC video ads to test new products and scale globally without the headache of shooting content?

Most Pet supplies stores are leaving money on the table because traditional content creation is too slow and expensive. With AI UGC, you can generate endless high-converting, viral video ads in seconds—in any language and with any persona.

I put together a quick breakdown of how top brands are using this right now:

👉 Check it out here: https://ugc-gen-ai.carrd.co

Keep crushing it,  
Growth Team"
"Manzella","Home decor & lighting","US","https://manzellagloves.myshopify.com/password","","","not_contacted","false","skipped","Quick question about Manzella’s scaling","Hey Manzella team,

I was just analyzing top-performing e-commerce brands in the Home decor & lighting space and came across your store. Great branding and product lineup!

Quick question: Are you currently using AI UGC video ads to test new products and scale globally without the headache of shooting content?

Most Home decor & lighting stores are leaving money on the table because traditional content creation is too slow and expensive. With AI UGC, you can generate endless high-converting, viral video ads in seconds—in any language and with any persona.

I put together a quick breakdown of how top brands are using this right now:

👉 Check it out here: https://ugc-gen-ai.carrd.co

Keep crushing it,  
Growth Team"
"Maple Sugar Mountain, LLC - Pure Organic Vermont Maple Syrup &ndash; Maple Sugar Mountain LLC","Home decor & lighting","US","https://maple-sugar-mountain.myshopify.com/","https://maple-sugar-mountain.myshopify.com/pages/about-us","","review","false","skipped","Quick question about Maple Sugar Mountain, LLC - Pure Organic Vermont Maple Syrup &ndash; Maple Sugar Mountain LLC’s scaling","Hey Maple Sugar Mountain, LLC - Pure Organic Vermont Maple Syrup &ndash; Maple Sugar Mountain LLC team,

I was just analyzing top-performing e-commerce brands in the Home decor & lighting space and came across your store. Great branding and product lineup!

Quick question: Are you currently using AI UGC video ads to test new products and scale globally without the headache of shooting content?

Most Home decor & lighting stores are leaving money on the table because traditional content creation is too slow and expensive. With AI UGC, you can generate endless high-converting, viral video ads in seconds—in any language and with any persona.

I put together a quick breakdown of how top brands are using this right now:

👉 Check it out here: https://ugc-gen-ai.carrd.co

Keep crushing it,  
Growth Team"
"Maple Death Records Shop","Cleaning tools","CA","https://mapledeathrecords.myshopify.com/","","","not_contacted","false","skipped","Quick question about Maple Death Records Shop’s scaling","Hey Maple Death Records Shop team,

I was just analyzing top-performing e-commerce brands in the Cleaning tools space and came across your store. Great branding and product lineup!

Quick question: Are you currently using AI UGC video ads to test new products and scale globally without the headache of shooting content?

Most Cleaning tools stores are leaving money on the table because traditional content creation is too slow and expensive. With AI UGC, you can generate endless high-converting, viral video ads in seconds—in any language and with any persona.

I put together a quick breakdown of how top brands are using this right now:

👉 Check it out here: https://ugc-gen-ai.carrd.co

Keep crushing it,  
Growth Team"
"Welcome to the Maplewood Sweets family","Home decor & lighting","US","https://maplewood-sweets.myshopify.com/","https://maplewood-sweets.myshopify.com/blogs/news","","review","false","skipped","Quick question about Welcome to the Maplewood Sweets family’s scaling","Hey Welcome to the Maplewood Sweets family team,

I was just analyzing top-performing e-commerce brands in the Home decor & lighting space and came across your store. Great branding and product lineup!

Quick question: Are you currently using AI UGC video ads to test new products and scale globally without the headache of shooting content?

Most Home decor & lighting stores are leaving money on the table because traditional content creation is too slow and expensive. With AI UGC, you can generate endless high-converting, viral video ads in seconds—in any language and with any persona.

I put together a quick breakdown of how top brands are using this right now:

👉 Check it out here: https://ugc-gen-ai.carrd.co

Keep crushing it,  
Growth Team"
"The Map Store &ndash; Maps of Mastery","Home decor & lighting","US","https://maps-of-mastery-store.myshopify.com/","https://maps-of-mastery-store.myshopify.com/pages/about-us","orders@mapsofmastery.com","review","false","skipped","Quick question about The Map Store &ndash; Maps of Mastery’s scaling","Hey The Map Store &ndash; Maps of Mastery team,

I was just analyzing top-performing e-commerce brands in the Home decor & lighting space and came across your store. Great branding and product lineup!

Quick question: Are you currently using AI UGC video ads to test new products and scale globally without the headache of shooting content?

Most Home decor & lighting stores are leaving money on the table because traditional content creation is too slow and expensive. With AI UGC, you can generate endless high-converting, viral video ads in seconds—in any language and with any persona.

I put together a quick breakdown of how top brands are using this right now:

👉 Check it out here: https://ugc-gen-ai.carrd.co

Keep crushing it,  
Growth Team"
"MAPU-Knoxville","Home decor & lighting","US","https://mapu-knoxville.myshopify.com/","https://mapu-knoxville.myshopify.com/pages/about-us","","review","false","skipped","Quick question about MAPU-Knoxville’s scaling","Hey MAPU-Knoxville team,

I was just analyzing top-performing e-commerce brands in the Home decor & lighting space and came across your store. Great branding and product lineup!

Quick question: Are you currently using AI UGC video ads to test new products and scale globally without the headache of shooting content?

Most Home decor & lighting stores are leaving money on the table because traditional content creation is too slow and expensive. With AI UGC, you can generate endless high-converting, viral video ads in seconds—in any language and with any persona.

I put together a quick breakdown of how top brands are using this right now:

👉 Check it out here: https://ugc-gen-ai.carrd.co

Keep crushing it,  
Growth Team"
"marbinmusic","Home decor & lighting","CA","https://marbinmusic.myshopify.com/","https://marbinmusic.myshopify.com/pages/about-us","","review","false","skipped","Quick question about marbinmusic’s scaling","Hey marbinmusic team,

I was just analyzing top-performing e-commerce brands in the Home decor & lighting space and came across your store. Great branding and product lineup!

Quick question: Are you currently using AI UGC video ads to test new products and scale globally without the headache of shooting content?

Most Home decor & lighting stores are leaving money on the table because traditional content creation is too slow and expensive. With AI UGC, you can generate endless high-converting, viral video ads in seconds—in any language and with any persona.

I put together a quick breakdown of how top brands are using this right now:

👉 Check it out here: https://ugc-gen-ai.carrd.co

Keep crushing it,  
Growth Team"
"Marcela Floral Design &ndash; marcelafloraldesign","Pet supplies","US","https://marcelafloraldesing.myshopify.com/","","","not_contacted","false","skipped","Quick question about Marcela Floral Design &ndash; marcelafloraldesign’s scaling","Hey Marcela Floral Design &ndash; marcelafloraldesign team,

I was just analyzing top-performing e-commerce brands in the Pet supplies space and came across your store. Great branding and product lineup!

Quick question: Are you currently using AI UGC video ads to test new products and scale globally without the headache of shooting content?

Most Pet supplies stores are leaving money on the table because traditional content creation is too slow and expensive. With AI UGC, you can generate endless high-converting, viral video ads in seconds—in any language and with any persona.

I put together a quick breakdown of how top brands are using this right now:

👉 Check it out here: https://ugc-gen-ai.carrd.co

Keep crushing it,  
Growth Team"
"Coastal art & books from the Isle of Harris &ndash; Margaret Soraya","Cleaning tools","CA","https://margaretsoraya.myshopify.com/","","","not_contacted","false","skipped","Quick question about Coastal art & books from the Isle of Harris &ndash; Margaret Soraya’s scaling","Hey Coastal art & books from the Isle of Harris &ndash; Margaret Soraya team,

I was just analyzing top-performing e-commerce brands in the Cleaning tools space and came across your store. Great branding and product lineup!

Quick question: Are you currently using AI UGC video ads to test new products and scale globally without the headache of shooting content?

Most Cleaning tools stores are leaving money on the table because traditional content creation is too slow and expensive. With AI UGC, you can generate endless high-converting, viral video ads in seconds—in any language and with any persona.

I put together a quick breakdown of how top brands are using this right now:

👉 Check it out here: https://ugc-gen-ai.carrd.co

Keep crushing it,  
Growth Team"
"Marian Dioguardi Art","Smart home & kitchen","US","https://marian-dioguardi-art.myshopify.com/","mailto:store@mariandioguardi.com","store@mariandioguardi.com","queued","false","skipped","Quick question about Marian Dioguardi Art’s scaling","Hey Marian Dioguardi Art team,

I was just analyzing top-performing e-commerce brands in the Smart home & kitchen space and came across your store. Great branding and product lineup!

Quick question: Are you currently using AI UGC video ads to test new products and scale globally without the headache of shooting content?

Most Smart home & kitchen stores are leaving money on the table because traditional content creation is too slow and expensive. With AI UGC, you can generate endless high-converting, viral video ads in seconds—in any language and with any persona.

I put together a quick breakdown of how top brands are using this right now:

👉 Check it out here: https://ugc-gen-ai.carrd.co

Keep crushing it,  
Growth Team"
"Vintage Jewelry, Rings, Bracelets, Necklaces, Earrings, Diamonds &ndash; Maria&#39;s Vintage","Home decor & lighting","US","https://marias-vintage.myshopify.com/","mailto:maria@mariasvintage.com","maria@mariasvintage.com","queued","false","skipped","Quick question about Vintage Jewelry, Rings, Bracelets, Necklaces, Earrings, Diamonds &ndash; Maria&#39;s Vintage’s scaling","Hey Vintage Jewelry, Rings, Bracelets, Necklaces, Earrings, Diamonds &ndash; Maria&#39;s Vintage team,

I was just analyzing top-performing e-commerce brands in the Home decor & lighting space and came across your store. Great branding and product lineup!

Quick question: Are you currently using AI UGC video ads to test new products and scale globally without the headache of shooting content?

Most Home decor & lighting stores are leaving money on the table because traditional content creation is too slow and expensive. With AI UGC, you can generate endless high-converting, viral video ads in seconds—in any language and with any persona.

I put together a quick breakdown of how top brands are using this right now:

👉 Check it out here: https://ugc-gen-ai.carrd.co

Keep crushing it,  
Growth Team"
"Marie Force Online Store &ndash; Marie Force Books and Merchandise","Home decor & lighting","US","https://marie-force.myshopify.com/","mailto:orders@marieforce.com","orders@marieforce.com","queued","false","skipped","Quick question about Marie Force Online Store &ndash; Marie Force Books and Merchandise’s scaling","Hey Marie Force Online Store &ndash; Marie Force Books and Merchandise team,

I was just analyzing top-performing e-commerce brands in the Home decor & lighting space and came across your store. Great branding and product lineup!

Quick question: Are you currently using AI UGC video ads to test new products and scale globally without the headache of shooting content?

Most Home decor & lighting stores are leaving money on the table because traditional content creation is too slow and expensive. With AI UGC, you can generate endless high-converting, viral video ads in seconds—in any language and with any persona.

I put together a quick breakdown of how top brands are using this right now:

👉 Check it out here: https://ugc-gen-ai.carrd.co

Keep crushing it,  
Growth Team"
"Marietta Makery","Home decor & lighting","US","https://marietta-makery.myshopify.com/","https://marietta-makery.myshopify.com/pages/contact","MariettaMakery@gmail.com","review","false","skipped","Quick question about Marietta Makery’s scaling","Hey Marietta Makery team,

I was just analyzing top-performing e-commerce brands in the Home decor & lighting space and came across your store. Great branding and product lineup!

Quick question: Are you currently using AI UGC video ads to test new products and scale globally without the headache of shooting content?

Most Home decor & lighting stores are leaving money on the table because traditional content creation is too slow and expensive. With AI UGC, you can generate endless high-converting, viral video ads in seconds—in any language and with any persona.

I put together a quick breakdown of how top brands are using this right now:

👉 Check it out here: https://ugc-gen-ai.carrd.co

Keep crushing it,  
Growth Team"
"Marie Wright Yoga Wear &ndash; mariewright.com","Home decor & lighting","US","https://mariewright-com.myshopify.com/","https://mariewright-com.myshopify.com/pages/about-us","","review","false","skipped","Quick question about Marie Wright Yoga Wear &ndash; mariewright.com’s scaling","Hey Marie Wright Yoga Wear &ndash; mariewright.com team,

I was just analyzing top-performing e-commerce brands in the Home decor & lighting space and came across your store. Great branding and product lineup!

Quick question: Are you currently using AI UGC video ads to test new products and scale globally without the headache of shooting content?

Most Home decor & lighting stores are leaving money on the table because traditional content creation is too slow and expensive. With AI UGC, you can generate endless high-converting, viral video ads in seconds—in any language and with any persona.

I put together a quick breakdown of how top brands are using this right now:

👉 Check it out here: https://ugc-gen-ai.carrd.co

Keep crushing it,  
Growth Team"
"Marin Bikes Parts & Accessories &ndash; Marin Bikes UK","Home decor & lighting","EU","https://marin-bikes-uk.myshopify.com/","","","not_contacted","false","skipped","Quick question about Marin Bikes Parts & Accessories &ndash; Marin Bikes UK’s scaling","Hey Marin Bikes Parts & Accessories &ndash; Marin Bikes UK team,

I was just analyzing top-performing e-commerce brands in the Home decor & lighting space and came across your store. Great branding and product lineup!

Quick question: Are you currently using AI UGC video ads to test new products and scale globally without the headache of shooting content?

Most Home decor & lighting stores are leaving money on the table because traditional content creation is too slow and expensive. With AI UGC, you can generate endless high-converting, viral video ads in seconds—in any language and with any persona.

I put together a quick breakdown of how top brands are using this right now:

👉 Check it out here: https://ugc-gen-ai.carrd.co

Keep crushing it,  
Growth Team"
"Marina Miracle - Organic Skincare Products from Norway","Skincare & anti-aging","UK","https://marinamiracle-eng.myshopify.com/","https://marinamiracle-eng.myshopify.com/pages/about-us","info@marinamiracle.com","review","false","skipped","Quick question about Marina Miracle - Organic Skincare Products from Norway’s scaling","Hey Marina Miracle - Organic Skincare Products from Norway team,

I was just analyzing top-performing e-commerce brands in the Skincare & anti-aging space and came across your store. Great branding and product lineup!

Quick question: Are you currently using AI UGC video ads to test new products and scale globally without the headache of shooting content?

Most Skincare & anti-aging stores are leaving money on the table because traditional content creation is too slow and expensive. With AI UGC, you can generate endless high-converting, viral video ads in seconds—in any language and with any persona.

I put together a quick breakdown of how top brands are using this right now:

👉 Check it out here: https://ugc-gen-ai.carrd.co

Keep crushing it,  
Growth Team"
"Marin History Museum Store","Home decor & lighting","CA","https://marinhistory.myshopify.com/","https://marinhistory.myshopify.com/pages/contact","info@marinhistory.org","review","false","skipped","Quick question about Marin History Museum Store’s scaling","Hey Marin History Museum Store team,

I was just analyzing top-performing e-commerce brands in the Home decor & lighting space and came across your store. Great branding and product lineup!

Quick question: Are you currently using AI UGC video ads to test new products and scale globally without the headache of shooting content?

Most Home decor & lighting stores are leaving money on the table because traditional content creation is too slow and expensive. With AI UGC, you can generate endless high-converting, viral video ads in seconds—in any language and with any persona.

I put together a quick breakdown of how top brands are using this right now:

👉 Check it out here: https://ugc-gen-ai.carrd.co

Keep crushing it,  
Growth Team"
"Japanese Ramen subscription box &ndash; RamenTrunk","Home decor & lighting","US","https://mark-japan-store.myshopify.com/","","","not_contacted","false","skipped","Quick question about Japanese Ramen subscription box &ndash; RamenTrunk’s scaling","Hey Japanese Ramen subscription box &ndash; RamenTrunk team,

I was just analyzing top-performing e-commerce brands in the Home decor & lighting space and came across your store. Great branding and product lineup!

Quick question: Are you currently using AI UGC video ads to test new products and scale globally without the headache of shooting content?

Most Home decor & lighting stores are leaving money on the table because traditional content creation is too slow and expensive. With AI UGC, you can generate endless high-converting, viral video ads in seconds—in any language and with any persona.

I put together a quick breakdown of how top brands are using this right now:

👉 Check it out here: https://ugc-gen-ai.carrd.co

Keep crushing it,  
Growth Team"
"The Maroon Hornet Comics and Collectibles","Pet supplies","US","https://maroon-hornet.myshopify.com/","https://maroon-hornet.myshopify.com/pages/about-us","","review","false","skipped","Quick question about The Maroon Hornet Comics and Collectibles’s scaling","Hey The Maroon Hornet Comics and Collectibles team,

I was just analyzing top-performing e-commerce brands in the Pet supplies space and came across your store. Great branding and product lineup!

Quick question: Are you currently using AI UGC video ads to test new products and scale globally without the headache of shooting content?

Most Pet supplies stores are leaving money on the table because traditional content creation is too slow and expensive. With AI UGC, you can generate endless high-converting, viral video ads in seconds—in any language and with any persona.

I put together a quick breakdown of how top brands are using this right now:

👉 Check it out here: https://ugc-gen-ai.carrd.co

Keep crushing it,  
Growth Team"
"Marshall's Farm Shop &ndash; Marshall&#39;s Farm Shop","Smart home & kitchen","US","https://marshallsbutchery.myshopify.com/","https://marshallsbutchery.myshopify.com/pages/contact","","review","false","skipped","Quick question about Marshall's Farm Shop &ndash; Marshall&#39;s Farm Shop’s scaling","Hey Marshall's Farm Shop &ndash; Marshall&#39;s Farm Shop team,

I was just analyzing top-performing e-commerce brands in the Smart home & kitchen space and came across your store. Great branding and product lineup!

Quick question: Are you currently using AI UGC video ads to test new products and scale globally without the headache of shooting content?

Most Smart home & kitchen stores are leaving money on the table because traditional content creation is too slow and expensive. With AI UGC, you can generate endless high-converting, viral video ads in seconds—in any language and with any persona.

I put together a quick breakdown of how top brands are using this right now:

👉 Check it out here: https://ugc-gen-ai.carrd.co

Keep crushing it,  
Growth Team"
"Mars Venus","Supplements & vitamins","CA","https://marsvenussupplements.myshopify.com/","https://marsvenussupplements.myshopify.com/pages/contact","","review","false","skipped","Quick question about Mars Venus’s scaling","Hey Mars Venus team,

I was just analyzing top-performing e-commerce brands in the Supplements & vitamins space and came across your store. Great branding and product lineup!

Quick question: Are you currently using AI UGC video ads to test new products and scale globally without the headache of shooting content?

Most Supplements & vitamins stores are leaving money on the table because traditional content creation is too slow and expensive. With AI UGC, you can generate endless high-converting, viral video ads in seconds—in any language and with any persona.

I put together a quick breakdown of how top brands are using this right now:

👉 Check it out here: https://ugc-gen-ai.carrd.co

Keep crushing it,  
Growth Team"
"MartialArtSmart.com - Martial Arts Uniforms, Weapons","Supplements & vitamins","US","https://martialart-smart.myshopify.com/","","","not_contacted","false","skipped","Quick question about MartialArtSmart.com - Martial Arts Uniforms, Weapons’s scaling","Hey MartialArtSmart.com - Martial Arts Uniforms, Weapons team,

I was just analyzing top-performing e-commerce brands in the Supplements & vitamins space and came across your store. Great branding and product lineup!

Quick question: Are you currently using AI UGC video ads to test new products and scale globally without the headache of shooting content?

Most Supplements & vitamins stores are leaving money on the table because traditional content creation is too slow and expensive. With AI UGC, you can generate endless high-converting, viral video ads in seconds—in any language and with any persona.

I put together a quick breakdown of how top brands are using this right now:

👉 Check it out here: https://ugc-gen-ai.carrd.co

Keep crushing it,  
Growth Team"
"Martino Cartier - Online Shop","Hair care","US","https://martinocartier.myshopify.com/","https://martinocartier.myshopify.com/pages/about-martino-cartier","","review","false","skipped","Quick question about Martino Cartier - Online Shop’s scaling","Hey Martino Cartier - Online Shop team,

I was just analyzing top-performing e-commerce brands in the Hair care space and came across your store. Great branding and product lineup!

Quick question: Are you currently using AI UGC video ads to test new products and scale globally without the headache of shooting content?

Most Hair care stores are leaving money on the table because traditional content creation is too slow and expensive. With AI UGC, you can generate endless high-converting, viral video ads in seconds—in any language and with any persona.

I put together a quick breakdown of how top brands are using this right now:

👉 Check it out here: https://ugc-gen-ai.carrd.co

Keep crushing it,  
Growth Team"
"Artwork By Mary Maguire &ndash; marymaguireart","Pet supplies","US","https://marymaguireart.myshopify.com/","https://marymaguireart.myshopify.com/pages/about-us/follow","studio@marymaguireart.com","review","false","skipped","Quick question about Artwork By Mary Maguire &ndash; marymaguireart’s scaling","Hey Artwork By Mary Maguire &ndash; marymaguireart team,

I was just analyzing top-performing e-commerce brands in the Pet supplies space and came across your store. Great branding and product lineup!

Quick question: Are you currently using AI UGC video ads to test new products and scale globally without the headache of shooting content?

Most Pet supplies stores are leaving money on the table because traditional content creation is too slow and expensive. With AI UGC, you can generate endless high-converting, viral video ads in seconds—in any language and with any persona.

I put together a quick breakdown of how top brands are using this right now:

👉 Check it out here: https://ugc-gen-ai.carrd.co

Keep crushing it,  
Growth Team"
"１cmの宇宙｜Masahide Nakada &ndash; １ｃｍの宇宙｜Masahide Nakada","Home decor & lighting","US","https://masahidenakada.myshopify.com/","","","not_contacted","false","skipped","Quick question about １cmの宇宙｜Masahide Nakada &ndash; １ｃｍの宇宙｜Masahide Nakada’s scaling","Hey １cmの宇宙｜Masahide Nakada &ndash; １ｃｍの宇宙｜Masahide Nakada team,

I was just analyzing top-performing e-commerce brands in the Home decor & lighting space and came across your store. Great branding and product lineup!

Quick question: Are you currently using AI UGC video ads to test new products and scale globally without the headache of shooting content?

Most Home decor & lighting stores are leaving money on the table because traditional content creation is too slow and expensive. With AI UGC, you can generate endless high-converting, viral video ads in seconds—in any language and with any persona.

I put together a quick breakdown of how top brands are using this right now:

👉 Check it out here: https://ugc-gen-ai.carrd.co

Keep crushing it,  
Growth Team"
"Für Menschen mit automobilen Emotionsstörungen &ndash; Maschinenhort","Home decor & lighting","EU","https://maschinenhort.myshopify.com/","","","not_contacted","false","skipped","Quick question about Für Menschen mit automobilen Emotionsstörungen &ndash; Maschinenhort’s scaling","Hey Für Menschen mit automobilen Emotionsstörungen &ndash; Maschinenhort team,

I was just analyzing top-performing e-commerce brands in the Home decor & lighting space and came across your store. Great branding and product lineup!

Quick question: Are you currently using AI UGC video ads to test new products and scale globally without the headache of shooting content?

Most Home decor & lighting stores are leaving money on the table because traditional content creation is too slow and expensive. With AI UGC, you can generate endless high-converting, viral video ads in seconds—in any language and with any persona.

I put together a quick breakdown of how top brands are using this right now:

👉 Check it out here: https://ugc-gen-ai.carrd.co

Keep crushing it,  
Growth Team"
"MassyCorporate","Skincare & anti-aging","US","https://massycorporate.myshopify.com/","https://massycorporate.myshopify.com/pages/about","massycorporate@gmail.com","review","false","skipped","Quick question about MassyCorporate’s scaling","Hey MassyCorporate team,

I was just analyzing top-performing e-commerce brands in the Skincare & anti-aging space and came across your store. Great branding and product lineup!

Quick question: Are you currently using AI UGC video ads to test new products and scale globally without the headache of shooting content?

Most Skincare & anti-aging stores are leaving money on the table because traditional content creation is too slow and expensive. With AI UGC, you can generate endless high-converting, viral video ads in seconds—in any language and with any persona.

I put together a quick breakdown of how top brands are using this right now:

👉 Check it out here: https://ugc-gen-ai.carrd.co

Keep crushing it,  
Growth Team"
"Master Del Pe Store &ndash; Master Del Pe&#39;s Store","Pet supplies","US","https://masterdelpe.myshopify.com/","","","not_contacted","false","skipped","Quick question about Master Del Pe Store &ndash; Master Del Pe&#39;s Store’s scaling","Hey Master Del Pe Store &ndash; Master Del Pe&#39;s Store team,

I was just analyzing top-performing e-commerce brands in the Pet supplies space and came across your store. Great branding and product lineup!

Quick question: Are you currently using AI UGC video ads to test new products and scale globally without the headache of shooting content?

Most Pet supplies stores are leaving money on the table because traditional content creation is too slow and expensive. With AI UGC, you can generate endless high-converting, viral video ads in seconds—in any language and with any persona.

I put together a quick breakdown of how top brands are using this right now:

👉 Check it out here: https://ugc-gen-ai.carrd.co

Keep crushing it,  
Growth Team"
"Matador Ranch","Home decor & lighting","US","https://matadorranch.myshopify.com/","https://matadorranch.myshopify.com/pages/contact","","review","false","skipped","Quick question about Matador Ranch’s scaling","Hey Matador Ranch team,

I was just analyzing top-performing e-commerce brands in the Home decor & lighting space and came across your store. Great branding and product lineup!

Quick question: Are you currently using AI UGC video ads to test new products and scale globally without the headache of shooting content?

Most Home decor & lighting stores are leaving money on the table because traditional content creation is too slow and expensive. With AI UGC, you can generate endless high-converting, viral video ads in seconds—in any language and with any persona.

I put together a quick breakdown of how top brands are using this right now:

👉 Check it out here: https://ugc-gen-ai.carrd.co

Keep crushing it,  
Growth Team"
"Matcha Me","Home decor & lighting","US","https://matchameshop.myshopify.com/","https://matchameshop.myshopify.com/policies/contact-information","info@matcha-me.com","review","false","skipped","Quick question about Matcha Me’s scaling","Hey Matcha Me team,

I was just analyzing top-performing e-commerce brands in the Home decor & lighting space and came across your store. Great branding and product lineup!

Quick question: Are you currently using AI UGC video ads to test new products and scale globally without the headache of shooting content?

Most Home decor & lighting stores are leaving money on the table because traditional content creation is too slow and expensive. With AI UGC, you can generate endless high-converting, viral video ads in seconds—in any language and with any persona.

I put together a quick breakdown of how top brands are using this right now:

👉 Check it out here: https://ugc-gen-ai.carrd.co

Keep crushing it,  
Growth Team"
"MATERIALBYPRODUCT","Home decor & lighting","AU","https://materialbyproduct.myshopify.com/","https://materialbyproduct.myshopify.com/pages/about-us","","review","false","skipped","Quick question about MATERIALBYPRODUCT’s scaling","Hey MATERIALBYPRODUCT team,

I was just analyzing top-performing e-commerce brands in the Home decor & lighting space and came across your store. Great branding and product lineup!

Quick question: Are you currently using AI UGC video ads to test new products and scale globally without the headache of shooting content?

Most Home decor & lighting stores are leaving money on the table because traditional content creation is too slow and expensive. With AI UGC, you can generate endless high-converting, viral video ads in seconds—in any language and with any persona.

I put together a quick breakdown of how top brands are using this right now:

👉 Check it out here: https://ugc-gen-ai.carrd.co

Keep crushing it,  
Growth Team"
"Math Giraffe Shop","Smart home & kitchen","US","https://math-giraffe-shop.myshopify.com/","","","not_contacted","false","skipped","Quick question about Math Giraffe Shop’s scaling","Hey Math Giraffe Shop team,

I was just analyzing top-performing e-commerce brands in the Smart home & kitchen space and came across your store. Great branding and product lineup!

Quick question: Are you currently using AI UGC video ads to test new products and scale globally without the headache of shooting content?

Most Smart home & kitchen stores are leaving money on the table because traditional content creation is too slow and expensive. With AI UGC, you can generate endless high-converting, viral video ads in seconds—in any language and with any persona.

I put together a quick breakdown of how top brands are using this right now:

👉 Check it out here: https://ugc-gen-ai.carrd.co

Keep crushing it,  
Growth Team"
"matsandersson","Home decor & lighting","US","https://matsandersson.myshopify.com/","","","not_contacted","false","skipped","Quick question about matsandersson’s scaling","Hey matsandersson team,

I was just analyzing top-performing e-commerce brands in the Home decor & lighting space and came across your store. Great branding and product lineup!

Quick question: Are you currently using AI UGC video ads to test new products and scale globally without the headache of shooting content?

Most Home decor & lighting stores are leaving money on the table because traditional content creation is too slow and expensive. With AI UGC, you can generate endless high-converting, viral video ads in seconds—in any language and with any persona.

I put together a quick breakdown of how top brands are using this right now:

👉 Check it out here: https://ugc-gen-ai.carrd.co

Keep crushing it,  
Growth Team"
"Silverbestick och nysilverbestick hos Eskilstuna Matsilver","Pet supplies","CA","https://matsilver-se.myshopify.com/","","","not_contacted","false","skipped","Quick question about Silverbestick och nysilverbestick hos Eskilstuna Matsilver’s scaling","Hey Silverbestick och nysilverbestick hos Eskilstuna Matsilver team,

I was just analyzing top-performing e-commerce brands in the Pet supplies space and came across your store. Great branding and product lineup!

Quick question: Are you currently using AI UGC video ads to test new products and scale globally without the headache of shooting content?

Most Pet supplies stores are leaving money on the table because traditional content creation is too slow and expensive. With AI UGC, you can generate endless high-converting, viral video ads in seconds—in any language and with any persona.

I put together a quick breakdown of how top brands are using this right now:

👉 Check it out here: https://ugc-gen-ai.carrd.co

Keep crushing it,  
Growth Team"
"Matt Cameron Pottery","Home decor & lighting","US","https://mattcameronpottery.myshopify.com/","https://mattcameronpottery.myshopify.com/pages/meet-matt","","review","false","skipped","Quick question about Matt Cameron Pottery’s scaling","Hey Matt Cameron Pottery team,

I was just analyzing top-performing e-commerce brands in the Home decor & lighting space and came across your store. Great branding and product lineup!

Quick question: Are you currently using AI UGC video ads to test new products and scale globally without the headache of shooting content?

Most Home decor & lighting stores are leaving money on the table because traditional content creation is too slow and expensive. With AI UGC, you can generate endless high-converting, viral video ads in seconds—in any language and with any persona.

I put together a quick breakdown of how top brands are using this right now:

👉 Check it out here: https://ugc-gen-ai.carrd.co

Keep crushing it,  
Growth Team"
"Welcome to Matte Argyle | Discover Your Style - Experience the Fashion","Home decor & lighting","US","https://matte-argyle.myshopify.com/","https://matte-argyle.myshopify.com/pages/our-story","Info@MatteArgyle.com","review","false","skipped","Quick question about Welcome to Matte Argyle | Discover Your Style - Experience the Fashion’s scaling","Hey Welcome to Matte Argyle | Discover Your Style - Experience the Fashion team,

I was just analyzing top-performing e-commerce brands in the Home decor & lighting space and came across your store. Great branding and product lineup!

Quick question: Are you currently using AI UGC video ads to test new products and scale globally without the headache of shooting content?

Most Home decor & lighting stores are leaving money on the table because traditional content creation is too slow and expensive. With AI UGC, you can generate endless high-converting, viral video ads in seconds—in any language and with any persona.

I put together a quick breakdown of how top brands are using this right now:

👉 Check it out here: https://ugc-gen-ai.carrd.co

Keep crushing it,  
Growth Team"
"Matterport Camera Repair Center - Repairs, Sales & Rentals &ndash; MatterFix.io","Cleaning tools","CA","https://matterfix-io.myshopify.com/","https://www.matterfix.io/contact-us?tab=requestupsshipping","info@Matterfix.io","review","false","skipped","Quick question about Matterport Camera Repair Center - Repairs, Sales & Rentals &ndash; MatterFix.io’s scaling","Hey Matterport Camera Repair Center - Repairs, Sales & Rentals &ndash; MatterFix.io team,

I was just analyzing top-performing e-commerce brands in the Cleaning tools space and came across your store. Great branding and product lineup!

Quick question: Are you currently using AI UGC video ads to test new products and scale globally without the headache of shooting content?

Most Cleaning tools stores are leaving money on the table because traditional content creation is too slow and expensive. With AI UGC, you can generate endless high-converting, viral video ads in seconds—in any language and with any persona.

I put together a quick breakdown of how top brands are using this right now:

👉 Check it out here: https://ugc-gen-ai.carrd.co

Keep crushing it,  
Growth Team"
"Jamboree Galaxy Venice Club & Mighty Sunflower &ndash; Mighty Mercantile Store","Home decor & lighting","US","https://maverick-merchants.myshopify.com/","https://maverick-merchants.myshopify.com/pages/about-mavericks","jamboreealberta@gmail.com","review","false","skipped","Quick question about Jamboree Galaxy Venice Club & Mighty Sunflower &ndash; Mighty Mercantile Store’s scaling","Hey Jamboree Galaxy Venice Club & Mighty Sunflower &ndash; Mighty Mercantile Store team,

I was just analyzing top-performing e-commerce brands in the Home decor & lighting space and came across your store. Great branding and product lineup!

Quick question: Are you currently using AI UGC video ads to test new products and scale globally without the headache of shooting content?

Most Home decor & lighting stores are leaving money on the table because traditional content creation is too slow and expensive. With AI UGC, you can generate endless high-converting, viral video ads in seconds—in any language and with any persona.

I put together a quick breakdown of how top brands are using this right now:

👉 Check it out here: https://ugc-gen-ai.carrd.co

Keep crushing it,  
Growth Team"
"Maximo Park","Pet supplies","CA","https://maximo-park-store.myshopify.com/","","","not_contacted","false","skipped","Quick question about Maximo Park’s scaling","Hey Maximo Park team,

I was just analyzing top-performing e-commerce brands in the Pet supplies space and came across your store. Great branding and product lineup!

Quick question: Are you currently using AI UGC video ads to test new products and scale globally without the headache of shooting content?

Most Pet supplies stores are leaving money on the table because traditional content creation is too slow and expensive. With AI UGC, you can generate endless high-converting, viral video ads in seconds—in any language and with any persona.

I put together a quick breakdown of how top brands are using this right now:

👉 Check it out here: https://ugc-gen-ai.carrd.co

Keep crushing it,  
Growth Team"
"Greenville SC's Premier Interior Design Boutique | Mayme Baker Studio","Home decor & lighting","US","https://maymebaker.myshopify.com/","https://maymebaker.myshopify.com/","info@maymebakerstudio.com","review","false","skipped","Quick question about Greenville SC's Premier Interior Design Boutique | Mayme Baker Studio’s scaling","Hey Greenville SC's Premier Interior Design Boutique | Mayme Baker Studio team,

I was just analyzing top-performing e-commerce brands in the Home decor & lighting space and came across your store. Great branding and product lineup!

Quick question: Are you currently using AI UGC video ads to test new products and scale globally without the headache of shooting content?

Most Home decor & lighting stores are leaving money on the table because traditional content creation is too slow and expensive. With AI UGC, you can generate endless high-converting, viral video ads in seconds—in any language and with any persona.

I put together a quick breakdown of how top brands are using this right now:

👉 Check it out here: https://ugc-gen-ai.carrd.co

Keep crushing it,  
Growth Team"
"MAYROWAY","Home decor & lighting","US","https://mayrowayswimwear.myshopify.com/","","","not_contacted","false","skipped","Quick question about MAYROWAY’s scaling","Hey MAYROWAY team,

I was just analyzing top-performing e-commerce brands in the Home decor & lighting space and came across your store. Great branding and product lineup!

Quick question: Are you currently using AI UGC video ads to test new products and scale globally without the headache of shooting content?

Most Home decor & lighting stores are leaving money on the table because traditional content creation is too slow and expensive. With AI UGC, you can generate endless high-converting, viral video ads in seconds—in any language and with any persona.

I put together a quick breakdown of how top brands are using this right now:

👉 Check it out here: https://ugc-gen-ai.carrd.co

Keep crushing it,  
Growth Team"
"Mcdodo Official | Your Best Fast Charging Choice &ndash; McdodoGlobal","Nail & eyelash care","CA","https://mcdodoglobal.myshopify.com/","https://mcdodoglobal.myshopify.com/pages/about-us","support@mcdodolife.com","review","false","skipped","Quick question about Mcdodo Official | Your Best Fast Charging Choice &ndash; McdodoGlobal’s scaling","Hey Mcdodo Official | Your Best Fast Charging Choice &ndash; McdodoGlobal team,

I was just analyzing top-performing e-commerce brands in the Nail & eyelash care space and came across your store. Great branding and product lineup!

Quick question: Are you currently using AI UGC video ads to test new products and scale globally without the headache of shooting content?

Most Nail & eyelash care stores are leaving money on the table because traditional content creation is too slow and expensive. With AI UGC, you can generate endless high-converting, viral video ads in seconds—in any language and with any persona.

I put together a quick breakdown of how top brands are using this right now:

👉 Check it out here: https://ugc-gen-ai.carrd.co

Keep crushing it,  
Growth Team"
"seressanickerson","Home decor & lighting","US","https://seressanickerson.myshopify.com/","https://seressanickerson.myshopify.com/pages/contact","","review","false","skipped","Quick question about seressanickerson’s scaling","Hey seressanickerson team,

I was just analyzing top-performing e-commerce brands in the Home decor & lighting space and came across your store. Great branding and product lineup!

Quick question: Are you currently using AI UGC video ads to test new products and scale globally without the headache of shooting content?

Most Home decor & lighting stores are leaving money on the table because traditional content creation is too slow and expensive. With AI UGC, you can generate endless high-converting, viral video ads in seconds—in any language and with any persona.

I put together a quick breakdown of how top brands are using this right now:

👉 Check it out here: https://ugc-gen-ai.carrd.co

Keep crushing it,  
Growth Team"
"Serious Fitness Limited","Nail & eyelash care","US","https://serious-fitness-limited.myshopify.com/","https://serious-fitness-limited.myshopify.com/pages/about-us","","review","false","skipped","Quick question about Serious Fitness Limited’s scaling","Hey Serious Fitness Limited team,

I was just analyzing top-performing e-commerce brands in the Nail & eyelash care space and came across your store. Great branding and product lineup!

Quick question: Are you currently using AI UGC video ads to test new products and scale globally without the headache of shooting content?

Most Nail & eyelash care stores are leaving money on the table because traditional content creation is too slow and expensive. With AI UGC, you can generate endless high-converting, viral video ads in seconds—in any language and with any persona.

I put together a quick breakdown of how top brands are using this right now:

👉 Check it out here: https://ugc-gen-ai.carrd.co

Keep crushing it,  
Growth Team"
"Servant Leader Network &ndash; Servant Leader Network Store","Home decor & lighting","US","https://servantleadernetwork.myshopify.com/","https://servantleadernetwork.myshopify.com/pages/contact","","review","false","skipped","Quick question about Servant Leader Network &ndash; Servant Leader Network Store’s scaling","Hey Servant Leader Network &ndash; Servant Leader Network Store team,

I was just analyzing top-performing e-commerce brands in the Home decor & lighting space and came across your store. Great branding and product lineup!

Quick question: Are you currently using AI UGC video ads to test new products and scale globally without the headache of shooting content?

Most Home decor & lighting stores are leaving money on the table because traditional content creation is too slow and expensive. With AI UGC, you can generate endless high-converting, viral video ads in seconds—in any language and with any persona.

I put together a quick breakdown of how top brands are using this right now:

👉 Check it out here: https://ugc-gen-ai.carrd.co

Keep crushing it,  
Growth Team"
"Mood-boosting candles and diffusers | SevenSeventeen","Home decor & lighting","UK","https://sevenseventeen.myshopify.com/","https://sevenseventeen.myshopify.com/pages/about-us","info@seven-seventeen.co.uk","review","false","skipped","Quick question about Mood-boosting candles and diffusers | SevenSeventeen’s scaling","Hey Mood-boosting candles and diffusers | SevenSeventeen team,

I was just analyzing top-performing e-commerce brands in the Home decor & lighting space and came across your store. Great branding and product lineup!

Quick question: Are you currently using AI UGC video ads to test new products and scale globally without the headache of shooting content?

Most Home decor & lighting stores are leaving money on the table because traditional content creation is too slow and expensive. With AI UGC, you can generate endless high-converting, viral video ads in seconds—in any language and with any persona.

I put together a quick breakdown of how top brands are using this right now:

👉 Check it out here: https://ugc-gen-ai.carrd.co

Keep crushing it,  
Growth Team"
"7th Man","Pet supplies","US","https://seventhman.myshopify.com/","https://seventhman.myshopify.com/pages/contact","","review","false","skipped","Quick question about 7th Man’s scaling","Hey 7th Man team,

I was just analyzing top-performing e-commerce brands in the Pet supplies space and came across your store. Great branding and product lineup!

Quick question: Are you currently using AI UGC video ads to test new products and scale globally without the headache of shooting content?

Most Pet supplies stores are leaving money on the table because traditional content creation is too slow and expensive. With AI UGC, you can generate endless high-converting, viral video ads in seconds—in any language and with any persona.

I put together a quick breakdown of how top brands are using this right now:

👉 Check it out here: https://ugc-gen-ai.carrd.co

Keep crushing it,  
Growth Team"
"SewItSeamsTieDye.com &ndash; Sew It Seams Tie Dye","Home decor & lighting","US","https://sewitseamstiedyee.myshopify.com/","https://sewitseamstiedyee.myshopify.com/pages/contact","Contact@sewitseamstiedye.com","review","false","skipped","Quick question about SewItSeamsTieDye.com &ndash; Sew It Seams Tie Dye’s scaling","Hey SewItSeamsTieDye.com &ndash; Sew It Seams Tie Dye team,

I was just analyzing top-performing e-commerce brands in the Home decor & lighting space and came across your store. Great branding and product lineup!

Quick question: Are you currently using AI UGC video ads to test new products and scale globally without the headache of shooting content?

Most Home decor & lighting stores are leaving money on the table because traditional content creation is too slow and expensive. With AI UGC, you can generate endless high-converting, viral video ads in seconds—in any language and with any persona.

I put together a quick breakdown of how top brands are using this right now:

👉 Check it out here: https://ugc-gen-ai.carrd.co

Keep crushing it,  
Growth Team"
"Indie Record Label and Online Store &ndash; Strange Famous Records","Cleaning tools","US","https://sfrstore.myshopify.com/","https://www.strangefamousrecords.com/about/","customerservice@strangefamousrecords.com","queued","false","skipped","Quick question about Indie Record Label and Online Store &ndash; Strange Famous Records’s scaling","Hey Indie Record Label and Online Store &ndash; Strange Famous Records team,

I was just analyzing top-performing e-commerce brands in the Cleaning tools space and came across your store. Great branding and product lineup!

Quick question: Are you currently using AI UGC video ads to test new products and scale globally without the headache of shooting content?

Most Cleaning tools stores are leaving money on the table because traditional content creation is too slow and expensive. With AI UGC, you can generate endless high-converting, viral video ads in seconds—in any language and with any persona.

I put together a quick breakdown of how top brands are using this right now:

👉 Check it out here: https://ugc-gen-ai.carrd.co

Keep crushing it,  
Growth Team"
"San Francisco Skate Club","Home decor & lighting","US","https://sfskateclub.myshopify.com/","https://sfskateclub.myshopify.com/pages/contact","","review","false","skipped","Quick question about San Francisco Skate Club’s scaling","Hey San Francisco Skate Club team,

I was just analyzing top-performing e-commerce brands in the Home decor & lighting space and came across your store. Great branding and product lineup!

Quick question: Are you currently using AI UGC video ads to test new products and scale globally without the headache of shooting content?

Most Home decor & lighting stores are leaving money on the table because traditional content creation is too slow and expensive. With AI UGC, you can generate endless high-converting, viral video ads in seconds—in any language and with any persona.

I put together a quick breakdown of how top brands are using this right now:

👉 Check it out here: https://ugc-gen-ai.carrd.co

Keep crushing it,  
Growth Team"
"Bella Pizza | Freshly made Italian Pizzas at Robertson Quay &ndash; SG Bella Pizza","Smart home & kitchen","CA","https://sg-bella-pizza.myshopify.com/","https://sg-bella-pizza.myshopify.com/pages/about-us","info@bellapasta.com.sg","review","false","skipped","Quick question about Bella Pizza | Freshly made Italian Pizzas at Robertson Quay &ndash; SG Bella Pizza’s scaling","Hey Bella Pizza | Freshly made Italian Pizzas at Robertson Quay &ndash; SG Bella Pizza team,

I was just analyzing top-performing e-commerce brands in the Smart home & kitchen space and came across your store. Great branding and product lineup!

Quick question: Are you currently using AI UGC video ads to test new products and scale globally without the headache of shooting content?

Most Smart home & kitchen stores are leaving money on the table because traditional content creation is too slow and expensive. With AI UGC, you can generate endless high-converting, viral video ads in seconds—in any language and with any persona.

I put together a quick breakdown of how top brands are using this right now:

👉 Check it out here: https://ugc-gen-ai.carrd.co

Keep crushing it,  
Growth Team"
"Fashion To Figure Test","Home decor & lighting","US","https://sg-fashiontofigure-dev.myshopify.com/","","","not_contacted","false","skipped","Quick question about Fashion To Figure Test’s scaling","Hey Fashion To Figure Test team,

I was just analyzing top-performing e-commerce brands in the Home decor & lighting space and came across your store. Great branding and product lineup!

Quick question: Are you currently using AI UGC video ads to test new products and scale globally without the headache of shooting content?

Most Home decor & lighting stores are leaving money on the table because traditional content creation is too slow and expensive. With AI UGC, you can generate endless high-converting, viral video ads in seconds—in any language and with any persona.

I put together a quick breakdown of how top brands are using this right now:

👉 Check it out here: https://ugc-gen-ai.carrd.co

Keep crushing it,  
Growth Team"
"Best Find","Supplements & vitamins","CA","https://sh0vzi-7k.myshopify.com/","https://sh0vzi-7k.myshopify.com/pages/contact","","review","false","skipped","Quick question about Best Find’s scaling","Hey Best Find team,

I was just analyzing top-performing e-commerce brands in the Supplements & vitamins space and came across your store. Great branding and product lineup!

Quick question: Are you currently using AI UGC video ads to test new products and scale globally without the headache of shooting content?

Most Supplements & vitamins stores are leaving money on the table because traditional content creation is too slow and expensive. With AI UGC, you can generate endless high-converting, viral video ads in seconds—in any language and with any persona.

I put together a quick breakdown of how top brands are using this right now:

👉 Check it out here: https://ugc-gen-ai.carrd.co

Keep crushing it,  
Growth Team"
"Handmade Homewares & Homedecor &ndash; SHAKIRAAZ HOMEWARES","Home decor & lighting","AU","https://shakiraaz-homewares.myshopify.com/en-us","https://shakiraaz-homewares.myshopify.com/en-us/pages/about-us","","review","false","skipped","Quick question about Handmade Homewares & Homedecor &ndash; SHAKIRAAZ HOMEWARES’s scaling","Hey Handmade Homewares & Homedecor &ndash; SHAKIRAAZ HOMEWARES team,

I was just analyzing top-performing e-commerce brands in the Home decor & lighting space and came across your store. Great branding and product lineup!

Quick question: Are you currently using AI UGC video ads to test new products and scale globally without the headache of shooting content?

Most Home decor & lighting stores are leaving money on the table because traditional content creation is too slow and expensive. With AI UGC, you can generate endless high-converting, viral video ads in seconds—in any language and with any persona.

I put together a quick breakdown of how top brands are using this right now:

👉 Check it out here: https://ugc-gen-ai.carrd.co

Keep crushing it,  
Growth Team"
"Shaquanda&#39;s Hot Pepper Sauce &ndash; Shaquanda Will Feed You","Smart home & kitchen","US","https://shaquanda-will-feed-you.myshopify.com/","https://shaquanda-will-feed-you.myshopify.com/pages/frontpage","","review","false","skipped","Quick question about Shaquanda&#39;s Hot Pepper Sauce &ndash; Shaquanda Will Feed You’s scaling","Hey Shaquanda&#39;s Hot Pepper Sauce &ndash; Shaquanda Will Feed You team,

I was just analyzing top-performing e-commerce brands in the Smart home & kitchen space and came across your store. Great branding and product lineup!

Quick question: Are you currently using AI UGC video ads to test new products and scale globally without the headache of shooting content?

Most Smart home & kitchen stores are leaving money on the table because traditional content creation is too slow and expensive. With AI UGC, you can generate endless high-converting, viral video ads in seconds—in any language and with any persona.

I put together a quick breakdown of how top brands are using this right now:

👉 Check it out here: https://ugc-gen-ai.carrd.co

Keep crushing it,  
Growth Team"
"The Ultimate Bridge Platform for Players and Teachers &ndash; The Shark Bridge Company","Makeup & cosmetics","CA","https://shark-bridge.myshopify.com/","https://shark-bridge.myshopify.com/blogs/privacy-policy/about-us","support@sharkbridge.info","review","false","skipped","Quick question about The Ultimate Bridge Platform for Players and Teachers &ndash; The Shark Bridge Company’s scaling","Hey The Ultimate Bridge Platform for Players and Teachers &ndash; The Shark Bridge Company team,

I was just analyzing top-performing e-commerce brands in the Makeup & cosmetics space and came across your store. Great branding and product lineup!

Quick question: Are you currently using AI UGC video ads to test new products and scale globally without the headache of shooting content?

Most Makeup & cosmetics stores are leaving money on the table because traditional content creation is too slow and expensive. With AI UGC, you can generate endless high-converting, viral video ads in seconds—in any language and with any persona.

I put together a quick breakdown of how top brands are using this right now:

👉 Check it out here: https://ugc-gen-ai.carrd.co

Keep crushing it,  
Growth Team"
"Sharon O&#39;Day, Copywriter - Content Creation for Personal Finance Field &ndash; sharon-oday-copywriting","Home decor & lighting","US","https://sharon-oday-copywriting.myshopify.com/","https://sharon-oday-copywriting.myshopify.com/pages/about","","review","false","skipped","Quick question about Sharon O&#39;Day, Copywriter - Content Creation for Personal Finance Field &ndash; sharon-oday-copywriting’s scaling","Hey Sharon O&#39;Day, Copywriter - Content Creation for Personal Finance Field &ndash; sharon-oday-copywriting team,

I was just analyzing top-performing e-commerce brands in the Home decor & lighting space and came across your store. Great branding and product lineup!

Quick question: Are you currently using AI UGC video ads to test new products and scale globally without the headache of shooting content?

Most Home decor & lighting stores are leaving money on the table because traditional content creation is too slow and expensive. With AI UGC, you can generate endless high-converting, viral video ads in seconds—in any language and with any persona.

I put together a quick breakdown of how top brands are using this right now:

👉 Check it out here: https://ugc-gen-ai.carrd.co

Keep crushing it,  
Growth Team"
"ShayAura Beauty","Makeup & cosmetics","US","https://shayaurabeauty.myshopify.com/","https://shayaurabeauty.myshopify.com/pages/about-shay-nataye","ShayAuraBeauty@yahoo.com","review","false","skipped","Quick question about ShayAura Beauty’s scaling","Hey ShayAura Beauty team,

I was just analyzing top-performing e-commerce brands in the Makeup & cosmetics space and came across your store. Great branding and product lineup!

Quick question: Are you currently using AI UGC video ads to test new products and scale globally without the headache of shooting content?

Most Makeup & cosmetics stores are leaving money on the table because traditional content creation is too slow and expensive. With AI UGC, you can generate endless high-converting, viral video ads in seconds—in any language and with any persona.

I put together a quick breakdown of how top brands are using this right now:

👉 Check it out here: https://ugc-gen-ai.carrd.co

Keep crushing it,  
Growth Team"
"Absolutely Fabulous - The World&#39;s Creamiest Shea Butter &ndash; Absolutely Fabulous - Shea Soufflé","Home decor & lighting","US","https://shea-souffle-3014.myshopify.com/","https://shea-souffle-3014.myshopify.com/pages/contact","","review","false","skipped","Quick question about Absolutely Fabulous - The World&#39;s Creamiest Shea Butter &ndash; Absolutely Fabulous - Shea Soufflé’s scaling","Hey Absolutely Fabulous - The World&#39;s Creamiest Shea Butter &ndash; Absolutely Fabulous - Shea Soufflé team,

I was just analyzing top-performing e-commerce brands in the Home decor & lighting space and came across your store. Great branding and product lineup!

Quick question: Are you currently using AI UGC video ads to test new products and scale globally without the headache of shooting content?

Most Home decor & lighting stores are leaving money on the table because traditional content creation is too slow and expensive. With AI UGC, you can generate endless high-converting, viral video ads in seconds—in any language and with any persona.

I put together a quick breakdown of how top brands are using this right now:

👉 Check it out here: https://ugc-gen-ai.carrd.co

Keep crushing it,  
Growth Team"
"SheetCam LLC","Home decor & lighting","CA","https://sheetcamshop.myshopify.com/","https://sheetcamshop.myshopify.com/pages/contact-us","","review","false","skipped","Quick question about SheetCam LLC’s scaling","Hey SheetCam LLC team,

I was just analyzing top-performing e-commerce brands in the Home decor & lighting space and came across your store. Great branding and product lineup!

Quick question: Are you currently using AI UGC video ads to test new products and scale globally without the headache of shooting content?

Most Home decor & lighting stores are leaving money on the table because traditional content creation is too slow and expensive. With AI UGC, you can generate endless high-converting, viral video ads in seconds—in any language and with any persona.

I put together a quick breakdown of how top brands are using this right now:

👉 Check it out here: https://ugc-gen-ai.carrd.co

Keep crushing it,  
Growth Team"
"Shella skin for Kitchen and Dining goods &ndash; Kitchen Shella Skin","Smart home & kitchen","UK","https://shella-kitchen.myshopify.com/","","","not_contacted","false","skipped","Quick question about Shella skin for Kitchen and Dining goods &ndash; Kitchen Shella Skin’s scaling","Hey Shella skin for Kitchen and Dining goods &ndash; Kitchen Shella Skin team,

I was just analyzing top-performing e-commerce brands in the Smart home & kitchen space and came across your store. Great branding and product lineup!

Quick question: Are you currently using AI UGC video ads to test new products and scale globally without the headache of shooting content?

Most Smart home & kitchen stores are leaving money on the table because traditional content creation is too slow and expensive. With AI UGC, you can generate endless high-converting, viral video ads in seconds—in any language and with any persona.

I put together a quick breakdown of how top brands are using this right now:

👉 Check it out here: https://ugc-gen-ai.carrd.co

Keep crushing it,  
Growth Team"
"Shell Decal Portal &ndash; Shell Fuel Decals","Home decor & lighting","US","https://shelldecals.myshopify.com/","https://shelldecals.myshopify.com/pages/contact","support@ticonnect.ca","review","false","skipped","Quick question about Shell Decal Portal &ndash; Shell Fuel Decals’s scaling","Hey Shell Decal Portal &ndash; Shell Fuel Decals team,

I was just analyzing top-performing e-commerce brands in the Home decor & lighting space and came across your store. Great branding and product lineup!

Quick question: Are you currently using AI UGC video ads to test new products and scale globally without the headache of shooting content?

Most Home decor & lighting stores are leaving money on the table because traditional content creation is too slow and expensive. With AI UGC, you can generate endless high-converting, viral video ads in seconds—in any language and with any persona.

I put together a quick breakdown of how top brands are using this right now:

👉 Check it out here: https://ugc-gen-ai.carrd.co

Keep crushing it,  
Growth Team"
"Shepherds Goat Farm","Cleaning tools","US","https://shepherdsfarm.myshopify.com/","https://shepherdsfarm.myshopify.com/pages/contact","","review","false","skipped","Quick question about Shepherds Goat Farm’s scaling","Hey Shepherds Goat Farm team,

I was just analyzing top-performing e-commerce brands in the Cleaning tools space and came across your store. Great branding and product lineup!

Quick question: Are you currently using AI UGC video ads to test new products and scale globally without the headache of shooting content?

Most Cleaning tools stores are leaving money on the table because traditional content creation is too slow and expensive. With AI UGC, you can generate endless high-converting, viral video ads in seconds—in any language and with any persona.

I put together a quick breakdown of how top brands are using this right now:

👉 Check it out here: https://ugc-gen-ai.carrd.co

Keep crushing it,  
Growth Team"
"Sherwood Hearth","Cleaning tools","US","https://sherwoodhearth.myshopify.com/","https://sherwoodhearth.myshopify.com/pages/contact","SherwoodHearth@gmail.com","review","false","skipped","Quick question about Sherwood Hearth’s scaling","Hey Sherwood Hearth team,

I was just analyzing top-performing e-commerce brands in the Cleaning tools space and came across your store. Great branding and product lineup!

Quick question: Are you currently using AI UGC video ads to test new products and scale globally without the headache of shooting content?

Most Cleaning tools stores are leaving money on the table because traditional content creation is too slow and expensive. With AI UGC, you can generate endless high-converting, viral video ads in seconds—in any language and with any persona.

I put together a quick breakdown of how top brands are using this right now:

👉 Check it out here: https://ugc-gen-ai.carrd.co

Keep crushing it,  
Growth Team"
"Miniature Wargaming &ndash; Shieldwall Miniatures","Hair care","US","https://shieldwallminis.myshopify.com/","https://shieldwallminis.myshopify.com/pages/contact","","review","false","skipped","Quick question about Miniature Wargaming &ndash; Shieldwall Miniatures’s scaling","Hey Miniature Wargaming &ndash; Shieldwall Miniatures team,

I was just analyzing top-performing e-commerce brands in the Hair care space and came across your store. Great branding and product lineup!

Quick question: Are you currently using AI UGC video ads to test new products and scale globally without the headache of shooting content?

Most Hair care stores are leaving money on the table because traditional content creation is too slow and expensive. With AI UGC, you can generate endless high-converting, viral video ads in seconds—in any language and with any persona.

I put together a quick breakdown of how top brands are using this right now:

👉 Check it out here: https://ugc-gen-ai.carrd.co

Keep crushing it,  
Growth Team"
"シカのお菓子（シカ オンラインショップ） &ndash; シカのお菓子（シカオンラインショップ）","Home decor & lighting","US","https://shika-onlineshop.myshopify.com/","","","not_contacted","false","skipped","Quick question about シカのお菓子（シカ オンラインショップ） &ndash; シカのお菓子（シカオンラインショップ）’s scaling","Hey シカのお菓子（シカ オンラインショップ） &ndash; シカのお菓子（シカオンラインショップ） team,

I was just analyzing top-performing e-commerce brands in the Home decor & lighting space and came across your store. Great branding and product lineup!

Quick question: Are you currently using AI UGC video ads to test new products and scale globally without the headache of shooting content?

Most Home decor & lighting stores are leaving money on the table because traditional content creation is too slow and expensive. With AI UGC, you can generate endless high-converting, viral video ads in seconds—in any language and with any persona.

I put together a quick breakdown of how top brands are using this right now:

👉 Check it out here: https://ugc-gen-ai.carrd.co

Keep crushing it,  
Growth Team"
"SHIMULI","Nail & eyelash care","US","https://shimuli-by-shraddha.myshopify.com/","https://shimuli-by-shraddha.myshopify.com/pages/contact","shimulibyshraddha01@gmail.com","review","false","skipped","Quick question about SHIMULI’s scaling","Hey SHIMULI team,

I was just analyzing top-performing e-commerce brands in the Nail & eyelash care space and came across your store. Great branding and product lineup!

Quick question: Are you currently using AI UGC video ads to test new products and scale globally without the headache of shooting content?

Most Nail & eyelash care stores are leaving money on the table because traditional content creation is too slow and expensive. With AI UGC, you can generate endless high-converting, viral video ads in seconds—in any language and with any persona.

I put together a quick breakdown of how top brands are using this right now:

👉 Check it out here: https://ugc-gen-ai.carrd.co

Keep crushing it,  
Growth Team"
"Shine Sedona Online Boutique &ndash; Shine Sedona Boutique","Makeup & cosmetics","US","https://shine-sedona-boutique.myshopify.com/","https://shinesedona.com/","","queued","false","skipped","Quick question about Shine Sedona Online Boutique &ndash; Shine Sedona Boutique’s scaling","Hey Shine Sedona Online Boutique &ndash; Shine Sedona Boutique team,

I was just analyzing top-performing e-commerce brands in the Makeup & cosmetics space and came across your store. Great branding and product lineup!

Quick question: Are you currently using AI UGC video ads to test new products and scale globally without the headache of shooting content?

Most Makeup & cosmetics stores are leaving money on the table because traditional content creation is too slow and expensive. With AI UGC, you can generate endless high-converting, viral video ads in seconds—in any language and with any persona.

I put together a quick breakdown of how top brands are using this right now:

👉 Check it out here: https://ugc-gen-ai.carrd.co

Keep crushing it,  
Growth Team"
"Shinin Star Style","Home decor & lighting","US","https://shininstarstyle.myshopify.com/","https://shininstarstyle.myshopify.com/pages/about-the-artist","","review","false","skipped","Quick question about Shinin Star Style’s scaling","Hey Shinin Star Style team,

I was just analyzing top-performing e-commerce brands in the Home decor & lighting space and came across your store. Great branding and product lineup!

Quick question: Are you currently using AI UGC video ads to test new products and scale globally without the headache of shooting content?

Most Home decor & lighting stores are leaving money on the table because traditional content creation is too slow and expensive. With AI UGC, you can generate endless high-converting, viral video ads in seconds—in any language and with any persona.

I put together a quick breakdown of how top brands are using this right now:

👉 Check it out here: https://ugc-gen-ai.carrd.co

Keep crushing it,  
Growth Team"
"Shisha Candles","Cleaning tools","CA","https://shisha-candles.myshopify.com/","https://shisha-candles.myshopify.com/pages/about-contact","","review","false","skipped","Quick question about Shisha Candles’s scaling","Hey Shisha Candles team,

I was just analyzing top-performing e-commerce brands in the Cleaning tools space and came across your store. Great branding and product lineup!

Quick question: Are you currently using AI UGC video ads to test new products and scale globally without the headache of shooting content?

Most Cleaning tools stores are leaving money on the table because traditional content creation is too slow and expensive. With AI UGC, you can generate endless high-converting, viral video ads in seconds—in any language and with any persona.

I put together a quick breakdown of how top brands are using this right now:

👉 Check it out here: https://ugc-gen-ai.carrd.co

Keep crushing it,  
Growth Team"
"ShittyHats.com home of the shittiest hats on The Internet &ndash; Shitty Hats","Home decor & lighting","US","https://shittyhats.myshopify.com/","https://shittyhats.myshopify.com/collections/all","","review","false","skipped","Quick question about ShittyHats.com home of the shittiest hats on The Internet &ndash; Shitty Hats’s scaling","Hey ShittyHats.com home of the shittiest hats on The Internet &ndash; Shitty Hats team,

I was just analyzing top-performing e-commerce brands in the Home decor & lighting space and came across your store. Great branding and product lineup!

Quick question: Are you currently using AI UGC video ads to test new products and scale globally without the headache of shooting content?

Most Home decor & lighting stores are leaving money on the table because traditional content creation is too slow and expensive. With AI UGC, you can generate endless high-converting, viral video ads in seconds—in any language and with any persona.

I put together a quick breakdown of how top brands are using this right now:

👉 Check it out here: https://ugc-gen-ai.carrd.co

Keep crushing it,  
Growth Team"
"SHOCLO STORE &ndash; Shoclo store","Oral care","AU","https://shoclo-store.myshopify.com/","","","not_contacted","false","skipped","Quick question about SHOCLO STORE &ndash; Shoclo store’s scaling","Hey SHOCLO STORE &ndash; Shoclo store team,

I was just analyzing top-performing e-commerce brands in the Oral care space and came across your store. Great branding and product lineup!

Quick question: Are you currently using AI UGC video ads to test new products and scale globally without the headache of shooting content?

Most Oral care stores are leaving money on the table because traditional content creation is too slow and expensive. With AI UGC, you can generate endless high-converting, viral video ads in seconds—in any language and with any persona.

I put together a quick breakdown of how top brands are using this right now:

👉 Check it out here: https://ugc-gen-ai.carrd.co

Keep crushing it,  
Growth Team"
"Shoes Direct","Home decor & lighting","US","https://shoes-direct-3.myshopify.com/","https://shoes-direct-3.myshopify.com/pages/about-us","","review","false","skipped","Quick question about Shoes Direct’s scaling","Hey Shoes Direct team,

I was just analyzing top-performing e-commerce brands in the Home decor & lighting space and came across your store. Great branding and product lineup!

Quick question: Are you currently using AI UGC video ads to test new products and scale globally without the headache of shooting content?

Most Home decor & lighting stores are leaving money on the table because traditional content creation is too slow and expensive. With AI UGC, you can generate endless high-converting, viral video ads in seconds—in any language and with any persona.

I put together a quick breakdown of how top brands are using this right now:

👉 Check it out here: https://ugc-gen-ai.carrd.co

Keep crushing it,  
Growth Team"
"ShooDoog.com &ndash; ShooDog.com","Home decor & lighting","CA","https://shoodog.myshopify.com/","https://shoodog.myshopify.com/policies/contact-information","asmith48287@icloud.com","review","false","skipped","Quick question about ShooDoog.com &ndash; ShooDog.com’s scaling","Hey ShooDoog.com &ndash; ShooDog.com team,

I was just analyzing top-performing e-commerce brands in the Home decor & lighting space and came across your store. Great branding and product lineup!

Quick question: Are you currently using AI UGC video ads to test new products and scale globally without the headache of shooting content?

Most Home decor & lighting stores are leaving money on the table because traditional content creation is too slow and expensive. With AI UGC, you can generate endless high-converting, viral video ads in seconds—in any language and with any persona.

I put together a quick breakdown of how top brands are using this right now:

👉 Check it out here: https://ugc-gen-ai.carrd.co

Keep crushing it,  
Growth Team"
"Shoots OG","Home decor & lighting","EU","https://shootsog.myshopify.com/","https://shootsog.myshopify.com/pages/contact","hello@shootsog.com","review","false","skipped","Quick question about Shoots OG’s scaling","Hey Shoots OG team,

I was just analyzing top-performing e-commerce brands in the Home decor & lighting space and came across your store. Great branding and product lineup!

Quick question: Are you currently using AI UGC video ads to test new products and scale globally without the headache of shooting content?

Most Home decor & lighting stores are leaving money on the table because traditional content creation is too slow and expensive. With AI UGC, you can generate endless high-converting, viral video ads in seconds—in any language and with any persona.

I put together a quick breakdown of how top brands are using this right now:

👉 Check it out here: https://ugc-gen-ai.carrd.co

Keep crushing it,  
Growth Team"
"Welcome to Shop ASRM: Your Reproductive Retail Shop","Cleaning tools","CA","https://shop-asrm.myshopify.com/","https://shop-asrm.myshopify.com/pages/about-us","asrm@asrm.org","review","false","skipped","Quick question about Welcome to Shop ASRM: Your Reproductive Retail Shop’s scaling","Hey Welcome to Shop ASRM: Your Reproductive Retail Shop team,

I was just analyzing top-performing e-commerce brands in the Cleaning tools space and came across your store. Great branding and product lineup!

Quick question: Are you currently using AI UGC video ads to test new products and scale globally without the headache of shooting content?

Most Cleaning tools stores are leaving money on the table because traditional content creation is too slow and expensive. With AI UGC, you can generate endless high-converting, viral video ads in seconds—in any language and with any persona.

I put together a quick breakdown of how top brands are using this right now:

👉 Check it out here: https://ugc-gen-ai.carrd.co

Keep crushing it,  
Growth Team"
"BOTANICUS","Phone & tech accessories","US","https://shop-botanicus.myshopify.com/","","","not_contacted","false","skipped","Quick question about BOTANICUS’s scaling","Hey BOTANICUS team,

I was just analyzing top-performing e-commerce brands in the Phone & tech accessories space and came across your store. Great branding and product lineup!

Quick question: Are you currently using AI UGC video ads to test new products and scale globally without the headache of shooting content?

Most Phone & tech accessories stores are leaving money on the table because traditional content creation is too slow and expensive. With AI UGC, you can generate endless high-converting, viral video ads in seconds—in any language and with any persona.

I put together a quick breakdown of how top brands are using this right now:

👉 Check it out here: https://ugc-gen-ai.carrd.co

Keep crushing it,  
Growth Team"
"The Capitol Kempinski Hotel Singapore | Island-wide Delivery","Home decor & lighting","US","https://shop-capitolkempinski.myshopify.com/","https://shop-capitolkempinski.myshopify.com/pages/contact-us","ecommerce.singapore@kempinski.com","review","false","skipped","Quick question about The Capitol Kempinski Hotel Singapore | Island-wide Delivery’s scaling","Hey The Capitol Kempinski Hotel Singapore | Island-wide Delivery team,

I was just analyzing top-performing e-commerce brands in the Home decor & lighting space and came across your store. Great branding and product lineup!

Quick question: Are you currently using AI UGC video ads to test new products and scale globally without the headache of shooting content?

Most Home decor & lighting stores are leaving money on the table because traditional content creation is too slow and expensive. With AI UGC, you can generate endless high-converting, viral video ads in seconds—in any language and with any persona.

I put together a quick breakdown of how top brands are using this right now:

👉 Check it out here: https://ugc-gen-ai.carrd.co

Keep crushing it,  
Growth Team"
"ForAmerica Shop","Home decor & lighting","US","https://shop-foramerica.myshopify.com/","https://shop-foramerica.myshopify.com/pages/contact","","review","false","skipped","Quick question about ForAmerica Shop’s scaling","Hey ForAmerica Shop team,

I was just analyzing top-performing e-commerce brands in the Home decor & lighting space and came across your store. Great branding and product lineup!

Quick question: Are you currently using AI UGC video ads to test new products and scale globally without the headache of shooting content?

Most Home decor & lighting stores are leaving money on the table because traditional content creation is too slow and expensive. With AI UGC, you can generate endless high-converting, viral video ads in seconds—in any language and with any persona.

I put together a quick breakdown of how top brands are using this right now:

👉 Check it out here: https://ugc-gen-ai.carrd.co

Keep crushing it,  
Growth Team"
"Le Studio","Smart home & kitchen","US","https://shop-jfy-designs.myshopify.com/","mailto:dpb@islandguide.com","dpb@islandguide.com","queued","false","skipped","Quick question about Le Studio’s scaling","Hey Le Studio team,

I was just analyzing top-performing e-commerce brands in the Smart home & kitchen space and came across your store. Great branding and product lineup!

Quick question: Are you currently using AI UGC video ads to test new products and scale globally without the headache of shooting content?

Most Smart home & kitchen stores are leaving money on the table because traditional content creation is too slow and expensive. With AI UGC, you can generate endless high-converting, viral video ads in seconds—in any language and with any persona.

I put together a quick breakdown of how top brands are using this right now:

👉 Check it out here: https://ugc-gen-ai.carrd.co

Keep crushing it,  
Growth Team"
"Plug Talk Shop","Home decor & lighting","CA","https://shop-plugtalk.myshopify.com/","https://shop-plugtalk.myshopify.com/pages/contact","","review","false","skipped","Quick question about Plug Talk Shop’s scaling","Hey Plug Talk Shop team,

I was just analyzing top-performing e-commerce brands in the Home decor & lighting space and came across your store. Great branding and product lineup!

Quick question: Are you currently using AI UGC video ads to test new products and scale globally without the headache of shooting content?

Most Home decor & lighting stores are leaving money on the table because traditional content creation is too slow and expensive. With AI UGC, you can generate endless high-converting, viral video ads in seconds—in any language and with any persona.

I put together a quick breakdown of how top brands are using this right now:

👉 Check it out here: https://ugc-gen-ai.carrd.co

Keep crushing it,  
Growth Team"
"Shop Salon M","Skincare & anti-aging","US","https://shop-salon-m.myshopify.com/","https://shop-salon-m.myshopify.com/pages/contact","","review","false","skipped","Quick question about Shop Salon M’s scaling","Hey Shop Salon M team,

I was just analyzing top-performing e-commerce brands in the Skincare & anti-aging space and came across your store. Great branding and product lineup!

Quick question: Are you currently using AI UGC video ads to test new products and scale globally without the headache of shooting content?

Most Skincare & anti-aging stores are leaving money on the table because traditional content creation is too slow and expensive. With AI UGC, you can generate endless high-converting, viral video ads in seconds—in any language and with any persona.

I put together a quick breakdown of how top brands are using this right now:

👉 Check it out here: https://ugc-gen-ai.carrd.co

Keep crushing it,  
Growth Team"
"Shop Small Shop Handmade LLC &ndash; Shop Small Shop Handmade LLC “The Shop”","Smart home & kitchen","CA","https://shop-small-shop-handmade-llc-the-shop.myshopify.com/","https://shop-small-shop-handmade-llc-the-shop.myshopify.com/pages/contact","shopsmallshophandmade@yahoo.com","review","false","skipped","Quick question about Shop Small Shop Handmade LLC &ndash; Shop Small Shop Handmade LLC “The Shop”’s scaling","Hey Shop Small Shop Handmade LLC &ndash; Shop Small Shop Handmade LLC “The Shop” team,

I was just analyzing top-performing e-commerce brands in the Smart home & kitchen space and came across your store. Great branding and product lineup!

Quick question: Are you currently using AI UGC video ads to test new products and scale globally without the headache of shooting content?

Most Smart home & kitchen stores are leaving money on the table because traditional content creation is too slow and expensive. With AI UGC, you can generate endless high-converting, viral video ads in seconds—in any language and with any persona.

I put together a quick breakdown of how top brands are using this right now:

👉 Check it out here: https://ugc-gen-ai.carrd.co

Keep crushing it,  
Growth Team"
"Shop Van Go","Pet supplies","US","https://shop-van-go.myshopify.com/","","","not_contacted","false","skipped","Quick question about Shop Van Go’s scaling","Hey Shop Van Go team,

I was just analyzing top-performing e-commerce brands in the Pet supplies space and came across your store. Great branding and product lineup!

Quick question: Are you currently using AI UGC video ads to test new products and scale globally without the headache of shooting content?

Most Pet supplies stores are leaving money on the table because traditional content creation is too slow and expensive. With AI UGC, you can generate endless high-converting, viral video ads in seconds—in any language and with any persona.

I put together a quick breakdown of how top brands are using this right now:

👉 Check it out here: https://ugc-gen-ai.carrd.co

Keep crushing it,  
Growth Team"
"5.12 Solutions Store - 5.12 Solutions Store","Home decor & lighting","US","https://shop512.myshopify.com/","http://www.512solutions.com/contact","info@512solutions.com","review","false","skipped","Quick question about 5.12 Solutions Store - 5.12 Solutions Store’s scaling","Hey 5.12 Solutions Store - 5.12 Solutions Store team,

I was just analyzing top-performing e-commerce brands in the Home decor & lighting space and came across your store. Great branding and product lineup!

Quick question: Are you currently using AI UGC video ads to test new products and scale globally without the headache of shooting content?

Most Home decor & lighting stores are leaving money on the table because traditional content creation is too slow and expensive. With AI UGC, you can generate endless high-converting, viral video ads in seconds—in any language and with any persona.

I put together a quick breakdown of how top brands are using this right now:

👉 Check it out here: https://ugc-gen-ai.carrd.co

Keep crushing it,  
Growth Team"
"amiche","Home decor & lighting","US","https://shopamiche.myshopify.com/","https://shopamiche.myshopify.com/pages/contact","","review","false","skipped","Quick question about amiche’s scaling","Hey amiche team,

I was just analyzing top-performing e-commerce brands in the Home decor & lighting space and came across your store. Great branding and product lineup!

Quick question: Are you currently using AI UGC video ads to test new products and scale globally without the headache of shooting content?

Most Home decor & lighting stores are leaving money on the table because traditional content creation is too slow and expensive. With AI UGC, you can generate endless high-converting, viral video ads in seconds—in any language and with any persona.

I put together a quick breakdown of how top brands are using this right now:

👉 Check it out here: https://ugc-gen-ai.carrd.co

Keep crushing it,  
Growth Team"
"The Cabin Wars Shop","Home decor & lighting","US","https://shopcabinwars.myshopify.com/","https://shopcabinwars.myshopify.com/pages/contact","","review","false","skipped","Quick question about The Cabin Wars Shop’s scaling","Hey The Cabin Wars Shop team,

I was just analyzing top-performing e-commerce brands in the Home decor & lighting space and came across your store. Great branding and product lineup!

Quick question: Are you currently using AI UGC video ads to test new products and scale globally without the headache of shooting content?

Most Home decor & lighting stores are leaving money on the table because traditional content creation is too slow and expensive. With AI UGC, you can generate endless high-converting, viral video ads in seconds—in any language and with any persona.

I put together a quick breakdown of how top brands are using this right now:

👉 Check it out here: https://ugc-gen-ai.carrd.co

Keep crushing it,  
Growth Team"
"DaytoDay Shopping","Cleaning tools","CA","https://shopcodie.myshopify.com/","","","not_contacted","false","skipped","Quick question about DaytoDay Shopping’s scaling","Hey DaytoDay Shopping team,

I was just analyzing top-performing e-commerce brands in the Cleaning tools space and came across your store. Great branding and product lineup!

Quick question: Are you currently using AI UGC video ads to test new products and scale globally without the headache of shooting content?

Most Cleaning tools stores are leaving money on the table because traditional content creation is too slow and expensive. With AI UGC, you can generate endless high-converting, viral video ads in seconds—in any language and with any persona.

I put together a quick breakdown of how top brands are using this right now:

👉 Check it out here: https://ugc-gen-ai.carrd.co

Keep crushing it,  
Growth Team"
"CROSBY clothing. Designed and made in the USA. &ndash; SHOPCROSBY","Home decor & lighting","US","https://shopcrosby.myshopify.com/","https://shopcrosby.myshopify.com/pages/about","","review","false","skipped","Quick question about CROSBY clothing. Designed and made in the USA. &ndash; SHOPCROSBY’s scaling","Hey CROSBY clothing. Designed and made in the USA. &ndash; SHOPCROSBY team,

I was just analyzing top-performing e-commerce brands in the Home decor & lighting space and came across your store. Great branding and product lineup!

Quick question: Are you currently using AI UGC video ads to test new products and scale globally without the headache of shooting content?

Most Home decor & lighting stores are leaving money on the table because traditional content creation is too slow and expensive. With AI UGC, you can generate endless high-converting, viral video ads in seconds—in any language and with any persona.

I put together a quick breakdown of how top brands are using this right now:

👉 Check it out here: https://ugc-gen-ai.carrd.co

Keep crushing it,  
Growth Team"
"50% OFF ENTIRE SITE- Diamant Noir Boutique &ndash; Diamant Noir Boutique","Cleaning tools","CA","https://shopdiamantnoir.myshopify.com/","https://shopdiamantnoir.myshopify.com/pages/contact-1","","review","false","skipped","Quick question about 50% OFF ENTIRE SITE- Diamant Noir Boutique &ndash; Diamant Noir Boutique’s scaling","Hey 50% OFF ENTIRE SITE- Diamant Noir Boutique &ndash; Diamant Noir Boutique team,

I was just analyzing top-performing e-commerce brands in the Cleaning tools space and came across your store. Great branding and product lineup!

Quick question: Are you currently using AI UGC video ads to test new products and scale globally without the headache of shooting content?

Most Cleaning tools stores are leaving money on the table because traditional content creation is too slow and expensive. With AI UGC, you can generate endless high-converting, viral video ads in seconds—in any language and with any persona.

I put together a quick breakdown of how top brands are using this right now:

👉 Check it out here: https://ugc-gen-ai.carrd.co

Keep crushing it,  
Growth Team"
"ÉTERNE","Pet supplies","US","https://shopeterne.myshopify.com/password","","","not_contacted","false","skipped","Quick question about ÉTERNE’s scaling","Hey ÉTERNE team,

I was just analyzing top-performing e-commerce brands in the Pet supplies space and came across your store. Great branding and product lineup!

Quick question: Are you currently using AI UGC video ads to test new products and scale globally without the headache of shooting content?

Most Pet supplies stores are leaving money on the table because traditional content creation is too slow and expensive. With AI UGC, you can generate endless high-converting, viral video ads in seconds—in any language and with any persona.

I put together a quick breakdown of how top brands are using this right now:

👉 Check it out here: https://ugc-gen-ai.carrd.co

Keep crushing it,  
Growth Team"
"Kennedi&#39;s Closet Monogramming and Gift Boutique","Makeup & cosmetics","CA","https://shopkennediscloset.myshopify.com/","","","not_contacted","false","skipped","Quick question about Kennedi&#39;s Closet Monogramming and Gift Boutique’s scaling","Hey Kennedi&#39;s Closet Monogramming and Gift Boutique team,

I was just analyzing top-performing e-commerce brands in the Makeup & cosmetics space and came across your store. Great branding and product lineup!

Quick question: Are you currently using AI UGC video ads to test new products and scale globally without the headache of shooting content?

Most Makeup & cosmetics stores are leaving money on the table because traditional content creation is too slow and expensive. With AI UGC, you can generate endless high-converting, viral video ads in seconds—in any language and with any persona.

I put together a quick breakdown of how top brands are using this right now:

👉 Check it out here: https://ugc-gen-ai.carrd.co

Keep crushing it,  
Growth Team"
"Love the Locs you Rock! &ndash; Loc&#39;d in Beauty","Makeup & cosmetics","CA","https://shoplocdinbeauty.myshopify.com/","https://shoplocdinbeauty.myshopify.com/pages/contact","","review","false","skipped","Quick question about Love the Locs you Rock! &ndash; Loc&#39;d in Beauty’s scaling","Hey Love the Locs you Rock! &ndash; Loc&#39;d in Beauty team,

I was just analyzing top-performing e-commerce brands in the Makeup & cosmetics space and came across your store. Great branding and product lineup!

Quick question: Are you currently using AI UGC video ads to test new products and scale globally without the headache of shooting content?

Most Makeup & cosmetics stores are leaving money on the table because traditional content creation is too slow and expensive. With AI UGC, you can generate endless high-converting, viral video ads in seconds—in any language and with any persona.

I put together a quick breakdown of how top brands are using this right now:

👉 Check it out here: https://ugc-gen-ai.carrd.co

Keep crushing it,  
Growth Team"
"Shop Utterly Engaged","Phone & tech accessories","US","https://shopluciapador.myshopify.com/","https://shopluciapador.myshopify.com/pages/about-us","","review","false","skipped","Quick question about Shop Utterly Engaged’s scaling","Hey Shop Utterly Engaged team,

I was just analyzing top-performing e-commerce brands in the Phone & tech accessories space and came across your store. Great branding and product lineup!

Quick question: Are you currently using AI UGC video ads to test new products and scale globally without the headache of shooting content?

Most Phone & tech accessories stores are leaving money on the table because traditional content creation is too slow and expensive. With AI UGC, you can generate endless high-converting, viral video ads in seconds—in any language and with any persona.

I put together a quick breakdown of how top brands are using this right now:

👉 Check it out here: https://ugc-gen-ai.carrd.co

Keep crushing it,  
Growth Team"
"NEMBA Regional Merchandise Store &ndash; NEMBA Regional Store","Pet supplies","US","https://shopnemba.myshopify.com/","https://shopnemba.myshopify.com/pages/contact","office@nemba.org","review","false","skipped","Quick question about NEMBA Regional Merchandise Store &ndash; NEMBA Regional Store’s scaling","Hey NEMBA Regional Merchandise Store &ndash; NEMBA Regional Store team,

I was just analyzing top-performing e-commerce brands in the Pet supplies space and came across your store. Great branding and product lineup!

Quick question: Are you currently using AI UGC video ads to test new products and scale globally without the headache of shooting content?

Most Pet supplies stores are leaving money on the table because traditional content creation is too slow and expensive. With AI UGC, you can generate endless high-converting, viral video ads in seconds—in any language and with any persona.

I put together a quick breakdown of how top brands are using this right now:

👉 Check it out here: https://ugc-gen-ai.carrd.co

Keep crushing it,  
Growth Team"
"shopnyracing","Home decor & lighting","US","https://shopnyracing.myshopify.com/","","","not_contacted","false","skipped","Quick question about shopnyracing’s scaling","Hey shopnyracing team,

I was just analyzing top-performing e-commerce brands in the Home decor & lighting space and came across your store. Great branding and product lineup!

Quick question: Are you currently using AI UGC video ads to test new products and scale globally without the headache of shooting content?

Most Home decor & lighting stores are leaving money on the table because traditional content creation is too slow and expensive. With AI UGC, you can generate endless high-converting, viral video ads in seconds—in any language and with any persona.

I put together a quick breakdown of how top brands are using this right now:

👉 Check it out here: https://ugc-gen-ai.carrd.co

Keep crushing it,  
Growth Team"
"Beauty and TheBreiders","Makeup & cosmetics","US","https://shopping-with-the-breiders.myshopify.com/","https://shopping-with-the-breiders.myshopify.com/pages/meet-the-breiders","thebreiders@gmail.com","review","false","skipped","Quick question about Beauty and TheBreiders’s scaling","Hey Beauty and TheBreiders team,

I was just analyzing top-performing e-commerce brands in the Makeup & cosmetics space and came across your store. Great branding and product lineup!

Quick question: Are you currently using AI UGC video ads to test new products and scale globally without the headache of shooting content?

Most Makeup & cosmetics stores are leaving money on the table because traditional content creation is too slow and expensive. With AI UGC, you can generate endless high-converting, viral video ads in seconds—in any language and with any persona.

I put together a quick breakdown of how top brands are using this right now:

👉 Check it out here: https://ugc-gen-ai.carrd.co

Keep crushing it,  
Growth Team"
"Solii + Solä","Home decor & lighting","EU","https://shoppippilotta.myshopify.com/","https://shoppippilotta.myshopify.com/pages/about","info@stagheaddesigns.com","review","false","skipped","Quick question about Solii + Solä’s scaling","Hey Solii + Solä team,

I was just analyzing top-performing e-commerce brands in the Home decor & lighting space and came across your store. Great branding and product lineup!

Quick question: Are you currently using AI UGC video ads to test new products and scale globally without the headache of shooting content?

Most Home decor & lighting stores are leaving money on the table because traditional content creation is too slow and expensive. With AI UGC, you can generate endless high-converting, viral video ads in seconds—in any language and with any persona.

I put together a quick breakdown of how top brands are using this right now:

👉 Check it out here: https://ugc-gen-ai.carrd.co

Keep crushing it,  
Growth Team"
"Resources for Resilience","Home decor & lighting","CA","https://shoprfr.myshopify.com/","https://shoprfr.myshopify.com/pages/contact","","review","false","skipped","Quick question about Resources for Resilience’s scaling","Hey Resources for Resilience team,

I was just analyzing top-performing e-commerce brands in the Home decor & lighting space and came across your store. Great branding and product lineup!

Quick question: Are you currently using AI UGC video ads to test new products and scale globally without the headache of shooting content?

Most Home decor & lighting stores are leaving money on the table because traditional content creation is too slow and expensive. With AI UGC, you can generate endless high-converting, viral video ads in seconds—in any language and with any persona.

I put together a quick breakdown of how top brands are using this right now:

👉 Check it out here: https://ugc-gen-ai.carrd.co

Keep crushing it,  
Growth Team"
